Movie Name,Rating,Votes,Duration,Genre
Anora,7.6,151000,139,Comedy
Moana 2,6.7,87000,100,Comedy
A Real Pain,7.1,76000,90,Comedy
Emilia Pérez,5.4,84000,132,Comedy
Sonic the Hedgehog 3,6.9,52000,110,Comedy
The Ministry of Ungentlemanly Warfare,6.8,132000,122,Comedy
Deadpool & Wolverine,7.6,479000,128,Comedy
The Day the Earth Blew Up: A Looney Tunes Movie,6.9,1900,91,Comedy
Borderlands,4.7,45000,101,Comedy
Paddington in Peru,6.7,17000,106,Comedy
Saturday Night,6.9,29000,109,Comedy
Night of the Zoopocalypse,6.3,324,91,Comedy
Despicable Me 4,6.2,62000,94,Comedy
Riff Raff,6.3,812,103,Comedy
Old Guy,5.1,1700,94,Comedy
The Fall Guy,6.8,216000,126,Comedy
F*** Marry Kill,5.2,1800,97,Comedy
A Different Man,6.9,27000,112,Comedy
Kinds of Kindness,6.5,58000,164,Comedy
Beetlejuice Beetlejuice,6.7,143000,105,Comedy
Inside Out 2,7.5,211000,96,Comedy
Fly Me to the Moon,6.6,48000,132,Comedy
Thelma,7,21000,98,Comedy
Red One,6.3,137000,123,Comedy
Friendship,7.5,210,100,Comedy
Nightbitch,5.6,18000,99,Comedy
Bad Boys: Ride or Die,6.5,98000,115,Comedy
Superboys of Malegaon,8,1100,127,Comedy
My Old Ass,6.9,37000,89,Comedy
IF,6.4,57000,104,Comedy
It's What's Inside,6.6,41000,103,Comedy
Ghostbusters: Frozen Empire,6.1,92000,115,Comedy
The Killer's Game,5.7,16000,104,Comedy
Argylle,5.6,91000,139,Comedy
The Idea of You,6.3,72000,115,Comedy
Kneecap,7.6,17000,105,Comedy
Spermageddon,5.7,600,80,Comedy
Rumours,5,4200,104,Comedy
Mean Girls,5.5,37000,112,Comedy
The Union,5.4,52000,107,Comedy
Snack Shack,7,11000,112,Comedy
Eephus,7,278,98,Comedy
Freaky Tales,6.5,365,106,Comedy
My Dead Friend Zoe,7.1,1200,103,Comedy
Hard Truths,7.3,4500,97,Comedy
Wallace & Gromit: Vengeance Most Fowl,7.5,33000,82,Comedy
Distant,5.7,3000,87,Comedy
Y2K,4.9,9800,91,Comedy
Harold and the Purple Crayon,5.7,7900,90,Comedy
Drive-Away Dolls,5.4,23000,84,Comedy
Kung Fu Panda 4,6.3,67000,94,Comedy
Greedy People,6.2,11000,112,Comedy
Jönssonligan kommer tillbaka,6,1000,104,Comedy
A Family Affair,5.3,36000,111,Comedy
Miller's Girl,5.2,23000,93,Comedy
The Garfield Movie,5.7,24000,101,Comedy
The Instigators,6.2,37000,101,Comedy
Lift,5.5,49000,107,Comedy
Beverly Hills Cop: Axel F,6.4,80000,118,Comedy
Hitpig,5.1,829,86,Comedy
Unfrosted,5.5,34000,97,Comedy
Ricky Stanicky,6.2,55000,113,Comedy
Incoming,5.8,13000,91,Comedy
Get Away,5.3,6100,86,Comedy
Your Monster,6.4,5400,103,Comedy
Misericordia,6.9,1500,104,Comedy
The Empire,5.2,1200,110,Comedy
Dìdi,7.3,12000,93,Comedy
Brothers,5.4,13000,89,Comedy
The Uninvited,5.9,138,97,Comedy
Sacramento,7,133,84,Comedy
Stree 2: Sarkate Ka Aatank,6.9,41000,147,Comedy
A Nice Indian Boy,7.2,149,96,Comedy
How to Make Millions Before Grandma Dies,8,13000,125,Comedy
Find Me Falling,6.3,12000,93,Comedy
Goodrich,6.3,4900,110,Comedy
Sookshma Darshini,7.8,9500,142,Comedy
Spellbound,5.7,6300,109,Comedy
Jackpot!,5.8,30000,106,Comedy
Ghostlight,7.6,5600,115,Comedy
The Gutter,5.4,436,92,Comedy
Upgraded,6.1,29000,104,Comedy
Boot Camp,5.8,1000,94,Comedy
Winner,6.5,2300,103,Comedy
Lisa Frankenstein,6.1,28000,101,Comedy
We're All Gonna Die,8.4,79,110,Comedy
The Marching Band,7.5,2000,103,Comedy
Saving Bikini Bottom: The Sandy Cheeks Movie,3.7,3700,82,Comedy
The Mouse Trap,2.5,3100,80,Comedy
Mother of the Bride,4.8,17000,88,Comedy
Sweethearts,5.5,3700,98,Comedy
Manamey,5.5,559,155,Comedy
Irish Wish,5.2,21000,93,Comedy
Aavesham,7.8,27000,155,Comedy
Piece by Piece,6.9,5100,93,Comedy
The Visitor,4.3,190,101,Comedy
Sister Midnight,6.6,260,107,Comedy
Bob Trevino Likes It,8.2,311,102,Comedy
Chosen Family,4.6,258,88,Comedy
The Grinch That Stole Bitches,7.1,36,74,Comedy
Summer Camp,4.5,1500,95,Comedy
Psycho Therapy: The Shallow Tale of a Writer Who Decided to Write about a Serial Killer,8.5,72,102,Comedy
Family Pack,5.5,8700,94,Comedy
Universal Language,7.2,1100,89,Comedy
The Radleys,5,2600,115,Comedy
Lumina,2.1,635,113,Comedy
Narayaneente Moonnaanmakkal,6.7,670,108,Comedy
Players,5.7,12000,105,Comedy
The Wonderful Story of Henry Sugar and Three More,7.1,6200,88,Comedy
Our Little Secret,5.7,23000,101,Comedy
Five Blind Dates,5.1,1900,83,Comedy
The Fabulous Four,4.8,1500,98,Comedy
Bookworm,6,1800,103,Comedy
The Problem with People,5.8,326,102,Comedy
Let's Start a Cult,5.9,1300,90,Comedy
Megamind vs. The Doom Syndicate,2.5,5500,83,Comedy
The American Society of Magical Negroes,3.7,12000,104,Comedy
My Favourite Cake,7.4,6900,97,Comedy
Holy Cow,7.2,1100,92,Comedy
Skincare,5.7,4200,96,Comedy
On Becoming a Guinea Fowl,7.2,636,99,Comedy
I Don't Understand You,7.1,69,96,Comedy
Munjya,6.3,25000,123,Comedy
Orion and the Dark,6.3,17000,93,Comedy
Babes,6.3,6100,104,Comedy
Dear Santa,5.4,18000,107,Comedy
The 4:30 Movie,6,3500,87,Comedy
The Best Christmas Pageant Ever,6.8,6000,99,Comedy
Turn Me On,5.6,436,99,Comedy
Reunion,5.6,3400,90,Comedy
Sasquatch Sunset,5.4,5300,88,Comedy
Don't Tell Mom the Babysitter's Dead,3.8,1100,99,Comedy
Role Play,5.5,19000,100,Comedy
How to Date Billy Walsh,5.2,3900,98,Comedy
Swimming Home,4.9,356,99,Comedy
Trouble,6.2,6600,98,Comedy
Bhool Bhulaiyaa 3,4.7,77000,158,Comedy
The Balconettes,6.3,738,104,Comedy
Modi: Three Days on the Wing of Madness,5.6,410,110,Comedy
Beautiful Wedding,4.1,4100,100,Comedy
Madgaon Express,7,41000,143,Comedy
Vulgar,6.7,103,103,Comedy
Standing on the Shoulders of Kitties,6.2,488,111,Comedy
"I, the Executioner",6.3,1600,118,Comedy
The Merry Gentlemen,4.8,10000,87,Comedy
Gone Running,7.1,3800,105,Comedy
Arthur's Whisky,4.5,806,94,Comedy
The Underdoggs,5.6,4500,96,Comedy
City Hunter,6.3,5500,102,Comedy
My Spy: The Eternal City,5.7,11000,112,Comedy
Drugstore June,5.3,1700,91,Comedy
That Christmas,6.8,17000,91,Comedy
Thelma the Unicorn,5.7,2900,93,Comedy
A Dog's Will 2,6.3,2700,104,Comedy
Shell,6.7,65,100,Comedy
This Is Me... Now,4.1,7100,65,Comedy
Space Cadet,4.9,9900,110,Comedy
This Time Next Year,5.6,2100,116,Comedy
Street Trash,4.4,744,85,Comedy
The Tiger's Apprentice,5.7,2100,84,Comedy
Am I Racist?,6.7,16000,100,Comedy
When Fall Is Coming,6.8,1300,102,Comedy
Broken Rage,6.1,1200,62,Comedy
Adult Best Friends,7.5,62,90,Comedy
You Are the Apple of My Eye,7.6,3300,101,Comedy
Through My Window: Looking at You,5.4,5100,105,Comedy
Desert Fiends,8.5,380,106,Comedy
Bad Shabbos,7.3,134,84,Comedy
Sweet Dreams,5.4,1400,95,Comedy
Alter weißer Mann,6.2,611,114,Comedy
Spread,5.7,634,112,Comedy
Hot Frosty,5.3,14000,92,Comedy
Sex-Positive,4.1,655,85,Comedy
Arena Wars,5,2000,96,Comedy
Nutcrackers,5.5,9200,104,Comedy
Khel Khel Mein,6.5,27000,135,Comedy
Time Travel Is Dangerous,6.3,87,99,Comedy
Marmalade,6.2,3500,99,Comedy
Between the Temples,6.3,2800,111,Comedy
A Little Something Extra,7,4700,99,Comedy
Bloody Axe Wound,4.8,472,83,Comedy
Treasure,6.3,2000,111,Comedy
200% Wolf,6,1300,98,Comedy
Officer Black Belt,6.8,7900,108,Comedy
Wallbanger,5.7,640,118,Comedy
Simarik,6.4,2300,111,Comedy
The Second Act,6.4,3300,80,Comedy
Seize Them!,5.1,1200,91,Comedy
My Melbourne,7.5,38,100,Comedy
A House on Fire,7.3,3200,105,Comedy
Three Friends,6.6,602,117,Comedy
Unspeakable: Beyond the Wall of Sleep,5.9,37,90,Comedy
The Supremes at Earl's All-You-Can-Eat,6.4,1400,124,Comedy
Timestalker,5.5,2800,89,Comedy
Rats!,8,77,85,Comedy
The Gentleman,7.9,94,103,Comedy
Ultraman: Rising,6.9,6200,117,Comedy
I Love You Forever,6.2,90,89,Comedy
Panda Plan,5.1,1100,99,Comedy
The Astronaut Lovers,7.1,548,116,Comedy
10 Lives,5.9,1800,88,Comedy
Doraemon the Movie: Nobita's Earth Symphony,6.6,1400,115,Comedy
Running on Empty,4.9,532,91,Comedy
Not Another Church Movie,2.2,1100,90,Comedy
Peter Five Eight,3.5,1100,100,Comedy
Srikakulam Sherlockholmes,8.2,2300,125,Comedy
The Trainer,7.2,52,95,Comedy
Plan B,5.9,1100,90,Comedy
Premalu,7.8,19000,156,Comedy
Autumn and the Black Jaguar,5.6,961,100,Comedy
Casatoria,6.4,2500,96,Comedy
The Thundermans Return,5,1800,70,Comedy
Carved,4.4,2700,95,Comedy
Peacock,7.2,313,102,Comedy
Hisaab Barabar,5.7,1600,112,Comedy
Heavier Trip,6,1200,96,Comedy
Woody Woodpecker Goes to Camp,4.5,2500,100,Comedy
Mars,8.9,19,84,Comedy
Longing,4.7,775,111,Comedy
Inheritance,5.1,3400,94,Comedy
Dan Da Dan: First Encounter,8.2,2600,83,Comedy
Everybody Loves Jenifa,8.4,78,135,Comedy
Harry Potter and the Stone,8,155,152,Comedy
Diamanti,7,968,135,Comedy
Hello Mummy,5.6,3200,136,Comedy
My Fathers' Daughter,6.6,71,78,Comedy
Buffalo Kids,6.6,632,93,Comedy
Jim's Story,6.8,826,101,Comedy
Die Hart 2: Die Harter,4.3,5400,92,Comedy
Christmas Eve in Miller's Point,5.6,2300,106,Comedy
Young Werther,5.7,202,101,Comedy
Crew,5.8,37000,118,Comedy
Mittran Da Challeya Truck Ni,8.3,686,131,Comedy
Krazy House,4.8,1400,89,Comedy
Monster on a Plane,5.5,2300,88,Comedy
Half Baked: Totally High,4.6,339,97,Comedy
Love in the Big City,7.5,1300,118,Comedy
French Girl,5.5,2300,106,Comedy
The Real Bros of Simi Valley: The Movie,7.1,1000,106,Comedy
Seven Cemeteries,4.5,497,84,Comedy
Moartea in vacanta,6.7,1400,89,Comedy
Layla,6.1,329,100,Comedy
A Hip Hop Story,8.7,105,90,Comedy
The Southern Chronicles,8.8,2300,120,Comedy
How Could I Live Without You?,6.9,923,105,Comedy
Zero,6.1,38,88,Comedy
Lost & Found in Cleveland,8.5,18,0,Comedy
Audrey,5.7,280,97,Comedy
Blame the Game,5.4,4900,92,Comedy
Mukadderat,7.3,486,90,Comedy
Perfect Endings,5.5,184,100,Comedy
Operation Taco Gary's,6.5,26,88,Comedy
Crayon Shin-chan: Ora's Dinosaur Diary,6.5,310,106,Comedy
And Mrs,5.8,682,111,Comedy
Slay,6.5,1100,99,Comedy
Little Death,5.4,200,110,Comedy
The Present,5.5,850,86,Comedy
The Groomsmen: First Look,6.1,377,82,Comedy
The Lifeguards,3.9,136,107,Comedy
Dead Talents Society,7.4,799,105,Comedy
Two to One,6,690,116,Comedy
À bicyclette!,7.1,131,90,Comedy
The Other Way Around,6.4,1300,114,Comedy
Prom Dates,5.2,1600,86,Comedy
Teri Baaton Mein Aisa Uljha Jiya,6.2,54000,141,Comedy
A Legend,4.7,855,129,Comedy
Stress Positions,5,609,95,Comedy
Vicky Vidya Ka Woh Wala Video,5.2,11000,152,Comedy
Dog on Trial,6.1,578,83,Comedy
Man and Witch: The Dance of a Thousand Steps,5.5,326,94,Comedy
Killer Body Count,4.7,633,109,Comedy
Lesson Learned,7.7,1900,119,Comedy
Crackcoon,3.6,400,88,Comedy
Still Fabulous,4.9,839,92,Comedy
Griffin in Summer,7.2,152,90,Comedy
Her Story,7.7,1700,123,Comedy
Memory Lane,7.4,1700,98,Comedy
Handsome Guys,6.5,751,101,Comedy
Cells at Work!,6.8,168,109,Comedy
El Heredero,8.2,35,103,Comedy
Cocorico,5.8,3100,92,Comedy
Four Mothers,7.6,85,89,Comedy
Paying for It,7.6,92,85,Comedy
Chantal in Fairyland,4.6,2600,118,Comedy
Feeling Randy,7.8,460,81,Comedy
The Throwback,5.5,341,96,Comedy
Frankie Freako,5.6,1000,85,Comedy
Stealing Pulp Fiction,6.3,18,78,Comedy
Música,6.4,5000,91,Comedy
Books & Drinks,6.5,75,94,Comedy
London Calling,7.5,17,109,Comedy
Cassino in Ischia,4.4,229,113,Comedy
Corina,7.6,270,96,Comedy
Beyond the Likes,6.9,16,110,Comedy
The Deb,7.7,68,121,Comedy
Rockbottom,7.4,82,82,Comedy
Nice Girls,4.2,1200,92,Comedy
Lubber Pandhu,8.2,5800,146,Comedy
How to Make a Killing,6.6,675,109,Comedy
The Private Eye,3.6,126,115,Comedy
A.R.M,7.1,8500,150,Comedy
Bau: Artist at War,7.1,52,130,Comedy
Don't Mess with Grandma,6.1,144,81,Comedy
The Christmas Letter,4.1,176,94,Comedy
Good Bad Things,5.8,187,96,Comedy
Meet Me Next Christmas,5.7,8400,105,Comedy
Meet the Barbarians,6.5,419,101,Comedy
Una Pequeña Confusion,6.2,204,107,Comedy
Destroy All Neighbors,5.3,2000,85,Comedy
No Pressure,5.1,1100,111,Comedy
Haikyu!! The Dumpster Battle,7.7,6000,85,Comedy
Camp Crasher,5.4,778,95,Comedy
Retreat Vama Veche,3.9,914,90,Comedy
Wild Wild Punjab,6.2,15000,109,Comedy
Marcello Mio,5.9,868,120,Comedy
Non Negotiable,5.4,1200,87,Comedy
Shabab Albomb,4.7,197,105,Comedy
Tim Travers & the Time Travelers Paradox,6.9,273,95,Comedy
Mission: Cross,6.1,2500,105,Comedy
"Love, Divided",5.9,4500,98,Comedy
À l'ancienne,4.5,248,89,Comedy
Almost Paradise,6.5,530,120,Comedy
Vaazha: Biopic of a Billion Boys,7.3,3900,125,Comedy
Rap World,7.8,484,56,Comedy
The Holiday List,4.3,194,85,Comedy
The Black Sea,8,74,96,Comedy
U Are the Universe,7.8,232,90,Comedy
Mr. Manhattan,6.7,430,110,Comedy
Sew Torn,6.6,191,100,Comedy
Suspended Time,5.3,278,105,Comedy
Der Buchspazierer,7.3,354,98,Comedy
Triumph,5.7,116,98,Comedy
Nuked,7.9,42,86,Comedy
Believe in Christmas,6.1,820,90,Comedy
Lucky Winners,6.2,1400,103,Comedy
My Annoying Brother,7.5,177,114,Comedy
Breakup Season,5.8,303,102,Comedy
Alles Fifty Fifty,6.3,413,113,Comedy
Dear Paris,5.6,299,108,Comedy
Yolo,6.9,3600,129,Comedy
Last Night at Terrace Lanes,4.3,613,75,Comedy
Mascarpone: The Rainbow Cake,6.1,476,105,Comedy
Going Viral,6.8,50,90,Comedy
Bad Newz,4.7,26000,142,Comedy
Empire Waist,6.6,162,97,Comedy
Fierce Killer Marsupial,2.4,30,86,Comedy
A Sudden Case of Christmas,5.1,1100,91,Comedy
Blackout,6.1,10000,122,Comedy
Victory,6.4,219,120,Comedy
Divorce,5.8,735,91,Comedy
A Trip Elsewhere,5.6,94,93,Comedy
Jamais sans mon psy,5,179,91,Comedy
Cheerleaders Behaving Badly,7.9,8,120,Comedy
Something's More Than One Thing,9,90,110,Comedy
Bermondsey Tales: Fall of the Roman Empire,4.4,174,99,Comedy
(Un)lucky Sisters,5.2,851,82,Comedy
The Roast of Tom Brady,7.2,5800,179,Comedy
Lesbian Space Princess,8.1,96,87,Comedy
Funny Birds,5.6,221,97,Comedy
ClearMind,4.1,2200,85,Comedy
Murder Mubarak,5.8,51000,140,Comedy
Super Happy Forever,6.9,165,94,Comedy
Throuple,6.7,61,92,Comedy
Cocaine Werewolf,2.3,295,80,Comedy
Un mondo a parte,6.5,1200,113,Comedy
Ryan's World the Movie: Titan Universe Adventure,1.8,641,80,Comedy
Auction,6.4,859,91,Comedy
Reine Mère,5.1,35,93,Comedy
Sur un fil,6.6,62,116,Comedy
Sahbek Rajel,9.1,60,145,Comedy
Mother Father Sister Brother Frank,5.9,178,85,Comedy
"Love, Danielle",8.9,38,79,Comedy
What a Feeling,6.5,213,110,Comedy
The Solitary Gourmet,7.7,68,110,Comedy
Graveyard Shark,3.3,211,97,Comedy
Sketch,8.3,42,92,Comedy
U.S. Palmese,7.2,24,120,Comedy
Ballot,6.3,210,102,Comedy
And the Breadwinner Is...,6.8,241,123,Comedy
Tezgah,5.5,69,100,Comedy
Switch Up,8.6,27,105,Comedy
Haunt Season,4.9,758,81,Comedy
Kangaroo Island,7.5,24,113,Comedy
Another Cabin in the Woods Movie,4.8,190,77,Comedy
Deaner '89,5.9,414,90,Comedy
Holy Cash,7.5,22,94,Comedy
Barbie & Kendra Crash Joe Bob's Drive-In Jamboree,4.8,106,51,Comedy
This Life of Mine,5.5,212,99,Comedy
Swede Caroline,5.4,222,98,Comedy
Say a Little Prayer,8.4,41,103,Comedy
A Gangster's Kiss,4.9,45,81,Comedy
Efsane,5.1,1000,105,Comedy
Disaster Holiday,4.8,671,93,Comedy
The Missile,6.6,990,110,Comedy
Shrek 5: The Contract - A Fan Made Film,7,18,84,Comedy
White Snake: Afloat,6.9,429,133,Comedy
A Family Affair,6.3,10,72,Comedy
Chainsaws Were Singing,7.2,341,117,Comedy
Noah's Ark,4.3,624,96,Comedy
Gelin Takimi,2.4,1700,109,Comedy
I Am Kathalan,6.8,996,115,Comedy
Ajosepo,8.7,52,134,Comedy
2nd Miracle in Cell No. 7,7.8,199,147,Comedy
Boxcutter,9.2,10,93,Comedy
Jamie Foxx: What Had Happened Was...,5.8,2000,68,Comedy
Finalement,5.6,231,127,Comedy
Marry Christmas,6.9,57,85,Comedy
No Time to Spy: A Loud House Movie,6.4,435,81,Comedy
Memes & Nightmares,5.7,76,81,Comedy
I Can't Live Without You,5,788,112,Comedy
Cat and Dog,5.3,1100,86,Comedy
Meet the Leroys,6.4,1100,102,Comedy
Goyo,6.6,2200,106,Comedy
Guruvayoor Ambalanadayil,6.6,4500,132,Comedy
La casa,7,907,83,Comedy
When in Rome,6.1,724,98,Comedy
Love... Reconsidered,4.3,128,88,Comedy
Mord,6.9,121,84,Comedy
Trisha on the Rocks,5.2,3000,172,Comedy
Girl Meets Boy,4.6,54,99,Comedy
The Everything Pot,7.4,29,90,Comedy
Crust,6.2,218,102,Comedy
Do Aur Do Pyaar,6.4,12000,140,Comedy
The Contract,3.7,109,90,Comedy
Clickbait: Unfollowed,5,563,90,Comedy
Down the Rabbit Hole,5.6,535,102,Comedy
Om Bheem Bush,5.5,1000,150,Comedy
The Trainers,5.5,274,90,Comedy
Buzz House: The Movie,3.2,1200,93,Comedy
Doin' It,5.8,42,92,Comedy
A Vilã das Nove,6.5,62,103,Comedy
¿Vienes o Voy?,6.7,15,94,Comedy
De Z van Zus,6.6,405,120,Comedy
Baby Assassins: Nice Days,7.3,268,103,Comedy
Successor,6.8,1200,133,Comedy
En tongs au pied de l'Himalaya,6.6,103,93,Comedy
The Actor,3.3,722,128,Comedy
Tillu Square,6.6,3400,137,Comedy
"MoviePass, MovieCrash",6.7,2800,96,Comedy
Dirty Ice Cream,4.5,116,47,Comedy
Extremely Unique Dynamic,7.8,337,73,Comedy
My Divorce Party,3.5,190,91,Comedy
Veni Vidi Vici,5.8,324,86,Comedy
Panda Bear in Africa,5.5,308,84,Comedy
L'amore e altre seghe mentali,5.3,155,88,Comedy
The Art of Nothing,5.2,93,90,Comedy
Jack in Time for Christmas,4.6,1000,66,Comedy
Waarom Wettelen,6.4,405,106,Comedy
Hahacar,7.1,300,135,Comedy
Transilvanian Ninja,5.2,104,90,Comedy
Victoria må dø,5.9,347,85,Comedy
Kakuda,5.3,6300,116,Comedy
Technoboys,5.2,959,109,Comedy
Verliefd op Bali,5.1,290,113,Comedy
Pegasus 2,7,1200,121,Comedy
Menudas piezas,5.8,578,99,Comedy
El Roomie,5.8,302,99,Comedy
The Price of Nonna's Inheritance,5.3,1100,90,Comedy
1995,6.8,582,120,Comedy
Umjolo: The Gone Girl,4.4,263,92,Comedy
Juliette au printemps,6.5,217,95,Comedy
Plastic Guns,6.3,589,95,Comedy
Yasam Koçu,3.8,1200,95,Comedy
Nunakuzhi,6.8,2900,125,Comedy
Xiong Shi Shao Nian 2,7.5,184,134,Comedy
A European Christmas,4.7,184,90,Comedy
N'avoue jamais,5.8,432,94,Comedy
The Great Salish Heist,7.1,27,95,Comedy
Love at 39 Degrees,5.5,1300,115,Comedy
"Hemet, or the Landlady Don't Drink Tea",4.3,85,89,Comedy
I Hate Myself and Want to Die,9.7,12,85,Comedy
Killer Babes,3.5,282,94,Comedy
Romeo è Giulietta,6.3,388,105,Comedy
Boy Kaldag,5,40,94,Comedy
Space Sharks,1.5,312,70,Comedy
National Theatre Live: Nye,8,255,160,Comedy
A Halloween Feast,5.5,780,103,Comedy
Not Your Average Family,5.6,105,97,Comedy
Der Spitzname,5.8,453,90,Comedy
Kill Me If You Dare,4.6,1300,94,Comedy
Transmitzvah,4.4,313,100,Comedy
Once Upon a Christmas Wish,6.1,313,90,Comedy
Sharmajee Ki Beti,5.9,5100,116,Comedy
La petite vadrouille,5.6,356,96,Comedy
Challenger,5.7,147,95,Comedy
The Pee Pee Poo Poo Man,8.4,15,79,Comedy
"Silent Night, Bloody Night 3: Descent",3.9,155,100,Comedy
La famille Hennedricks,5.1,161,85,Comedy
Clone Cops,8.1,185,96,Comedy
King of My Castle,4.9,407,109,Comedy
In Good Hands 2,5.3,918,99,Comedy
Father There is Only One 4,5.2,601,90,Comedy
Miss Boots,7.2,124,111,Comedy
Kale Lagan Chhe!?!,7.2,164,115,Comedy
U Pana Boga w Królowym Moscie,4.2,133,132,Comedy
Grrr...,4,805,121,Comedy
Tous toqués !,6.3,175,112,Comedy
Anthony Rodia Totally Relatable,6.4,36,77,Comedy
Suckers,3.2,116,67,Comedy
Salitan,5,241,105,Comedy
Estômago II: O Poderoso Chef,5.8,311,131,Comedy
À toute allure,5.3,157,86,Comedy
Mamífera,6.6,415,93,Comedy
Jerry,8.7,122,116,Comedy
Sin instrucciones,6.6,74,99,Comedy
Tre menn til Vilma,6.8,176,92,Comedy
Anyone But Her,4.9,275,93,Comedy
Überall gibt es ein Hausen,9.1,12,102,Comedy
De Jackpot,4.7,106,103,Comedy
Seni Memahami Kekasih,8,59,91,Comedy
Bonus Trip,4.5,217,113,Comedy
Queens of Drama,6.4,170,114,Comedy
Turbo,5.9,3500,155,Comedy
Tati Part Time,6.2,1400,90,Comedy
Murder and Cocktails,4,357,88,Comedy
Local Kung Fu 3,9.2,30,136,Comedy
Hannah Berner: We Ride at Dawn,6,637,50,Comedy
Dog Days,6.7,298,120,Comedy
The Mick and the Trick,5,75,96,Comedy
Love You to Debt,6.2,747,135,Comedy
I Want to Be Neenja! The Movie,3.9,381,90,Comedy
Gracie and Pedro: Pets to the Rescue,5.1,259,87,Comedy
Klaus & Barroso,5.6,1300,87,Comedy
Fruitcake,5.4,118,97,Comedy
You Are Not Alone,6.2,61,105,Comedy
Mountain Shark,5.1,96,81,Comedy
SuperKlaus,4.3,191,88,Comedy
Thaanara,4.4,778,118,Comedy
The Happiness I Have,5.7,199,103,Comedy
Shukrana,7.7,89,117,Comedy
Erdal ile Ece 2,4.8,794,102,Comedy
4 Zéros,3.5,126,105,Comedy
Mustafar Takes Los Angeles: A Live Staged Reading of Star Wars: Episode III,7.9,22,175,Comedy
Idiyan Chandhu,4.7,204,120,Comedy
One Night in Tokyo,8.1,38,95,Comedy
Air Fryer Slaughter,7,358,90,Comedy
Messy,6.2,14,90,Comedy
Wishing on a Star,6.6,115,99,Comedy
"LSD 2: Love, Sex Aur Dhokha 2",3.8,2800,119,Comedy
Breakfast with Giraffes,6.4,497,97,Comedy
Sad Jokes,6.6,65,96,Comedy
Nado snimat filmy o lyubvi,7.8,29,73,Comedy
Shannon Matthews the Musical the Movie,8,176,91,Comedy
Female 4,7.5,98,81,Comedy
Matt Rife: Lucid - A Crowd Work Special,6.4,1500,54,Comedy
That Kind of Love,5.8,299,136,Comedy
Thekku Vadakku,3.9,305,130,Comedy
Wieczór kawalerski,4.8,432,85,Comedy
The Casagrandes Movie,5.6,652,89,Comedy
Takintilar,2.4,976,96,Comedy
Vidente por Acidente,5,72,93,Comedy
Karataka Dhamanaka,4.7,319,156,Comedy
The Great Nick D,8.8,10,95,Comedy
"María, Me Muero",5.3,69,93,Comedy
Jon Vardar protiv Galaksijata,8.9,60,86,Comedy
The Big Trip 3: Race Around the World,5.7,50,85,Comedy
Maybe Baby 2,5.6,520,105,Comedy
Big City Greens the Movie: Spacecation,6.2,530,0,Comedy
100 litraa sahtia,7.1,21,88,Comedy
Nick and Nicky,8.6,63,112,Comedy
Vanilla Ice Cream,8.1,1200,140,Comedy
Laughing Buddha,7.1,1300,133,Comedy
Ek Daav Bhootacha,5.6,110,146,Comedy
My Wifes X,6.4,728,101,Comedy
"Maya, donne-moi un titre",6.4,47,61,Comedy
Cuerpo escombro,4.8,500,95,Comedy
The Infallibles,4.8,745,99,Comedy
Empire Queen: The Golden Age of Magic,3.2,204,148,Comedy
Nugget Is Dead: A Christmas Story,5.2,436,87,Comedy
Massacre at Femur Creek,7.5,377,82,Comedy
Belyakovy v otpuske,4.7,202,90,Comedy
Game On,2.6,347,85,Comedy
Honeymoonish,5.3,1500,100,Comedy
¿Quién es quién?,6.2,50,95,Comedy
Jolly O Gymkhana,7.4,1500,129,Comedy
Agak Laen,7.6,2800,119,Comedy
Morando com o Crush,5.4,166,90,Comedy
Another German Tank Story,6.1,53,96,Comedy
Spirit Riser,6.7,33,98,Comedy
Delivery Boy,8.3,1100,125,Comedy
Kyuka: Before Summer's End,6.9,84,103,Comedy
Illegal Hayatlar: Meclis,6.8,817,115,Comedy
Os Farofeiros 2,5.7,449,104,Comedy
Hrashwo Deergha,7.9,79,150,Comedy
Vadakkupatti Ramasamy,6.2,1000,146,Comedy
Troubleshooters,6.7,401,110,Comedy
My Ex's Wedding,8.5,43,95,Comedy
Bocchi the Rock! Re:,7.5,142,90,Comedy
Kahan Shuru Kahan Khatam,6.2,3100,107,Comedy
Amazon Bullseye,5.3,181,113,Comedy
My Boyfriend Is a Sex Worker,4.8,13,50,Comedy
Bidurbhai,9.2,375,148,Comedy
The Property,7.6,51,110,Comedy
Hotel Bitcoin,4.9,349,101,Comedy
Pilot,6.2,750,110,Comedy
Nadikar,5.3,443,142,Comedy
The Boys,4.7,136,131,Comedy
Staycation,7.1,102,94,Comedy
L'heureuse élue,5.3,198,91,Comedy
Members Club,4.7,152,90,Comedy
Group Therapy,6.2,24,86,Comedy
Swargathile Katturumbu,4.2,649,139,Comedy
For Prophet,5.4,104,105,Comedy
Re:Human,5.8,40,108,Comedy
Maybe More,6.3,426,77,Comedy
Kang Mak,6.4,760,122,Comedy
Ishq Vishk Rebound,5.6,7100,106,Comedy
Amiche mai,7.1,12,90,Comedy
Rent Free,7.8,63,93,Comedy
Mala persona,5.2,366,99,Comedy
Filthy Animals,7.4,87,96,Comedy
Don't Be Embarrassed 2,3.3,230,95,Comedy
"Aku Jati, Aku Asperger",8.6,16,88,Comedy
Yolki 11,4.7,163,92,Comedy
Minor Leaguer,5.3,84,77,Comedy
King Baby,7,23,88,Comedy
Amityville Bigfoot,3,139,88,Comedy
More na dvoikh,5.6,19,82,Comedy
A Little Family Drama,8.8,156,87,Comedy
Breaking and Re-entering,5.8,433,109,Comedy
Cholo Zombies,4.7,101,96,Comedy
Bandaa Singh Chaudhary,6.3,5200,113,Comedy
Lyubvi ne byvaet?,5.4,152,105,Comedy
Killington,2.8,164,87,Comedy
Scared Shitless,6.1,204,76,Comedy
Carnage for Christmas,4.5,335,69,Comedy
Matchmaking 2,6.5,56,110,Comedy
Kyllä isä osaa -elokuva,5.3,483,88,Comedy
Living Large,7.8,100,80,Comedy
Portraits of Dangerous Women,6.8,51,93,Comedy
Odd Fish,7.9,48,104,Comedy
Kolpaçino: 4 4'lük,2.8,2100,98,Comedy
Micro Budget,8.5,28,88,Comedy
December 31st Express,6.8,273,85,Comedy
Mi Perfecto Ex,7.4,18,83,Comedy
Feste & Freunde - Ein Hoch auf uns!,7.5,90,107,Comedy
Ma chi ti conosce,5.9,128,105,Comedy
Varshangalkku Shesham,6.6,4100,166,Comedy
Singapore Saloon,6,1200,137,Comedy
Jameelante Poovan Kozhi,5.8,1500,122,Comedy
Stinky Summer,5.9,45,90,Comedy
Intention,9,53,46,Comedy
Zim Zim Ala Kazim,3.5,107,100,Comedy
Intercambiadas,6.5,50,97,Comedy
50 km/h,6.1,575,110,Comedy
Snow Valley,2.8,335,75,Comedy
200KG Vampire,5.2,29,93,Comedy
Badaa Saat Fi Yawman Ma,6.3,87,100,Comedy
Vijay 69,6.1,1200,112,Comedy
The Holiday Club,6.6,345,88,Comedy
Lagan Special,6.1,601,110,Comedy
Poppay Ki Wedding,8.8,75,127,Comedy
Fortune Feimster: Crushing It,6.9,624,58,Comedy
Kidnapping Inc.,6.6,225,107,Comedy
Hiçbir Sey Normal Degil,6.6,53,71,Comedy
Being Blanche Houellebecq,5.9,250,88,Comedy
Day Trippers,6,15,97,Comedy
My Redneck Neighbor: Chapter 1 - The Rednecks Are Coming,5,7,74,Comedy
Little Hearts,5.8,2200,136,Comedy
Cabaret Total,7.8,28,90,Comedy
Foul Evil Deeds,7,30,108,Comedy
K3 en Het Lied van de Zeemeermin,6.2,47,104,Comedy
De Break-Up Club,6.3,180,102,Comedy
One Million Babes BC,3.3,35,75,Comedy
Culpa cero,5.9,339,106,Comedy
Powder Pup,6.2,73,89,Comedy
Porattu Nadakam,7.8,1100,124,Comedy
The Fisherman,7.1,41,105,Comedy
Double Blended,5.5,51,87,Comedy
Alien Country,4.4,349,96,Comedy
Lula Leblanc,7.1,37,96,Comedy
Bloody Bridget,7.1,53,81,Comedy
The Man Who Loved UFOs,5.2,585,107,Comedy
Frka,7.5,69,109,Comedy
35-Chinna Katha Kaadu,7.9,992,145,Comedy
Jhamkudi,6.6,977,151,Comedy
404 Run Run,5.9,123,104,Comedy
O Clube das Mulheres de Negócios,4.8,92,95,Comedy
Chico Bento e a Goiabeira Maraviosa,7.8,453,90,Comedy
Enchanting Christmas,6.4,348,91,Comedy
Just Now Jeffrey,9.2,57,120,Comedy
Gone with the Dead,4.9,41,96,Comedy
Goreyan Naal Lagdi Zameen Jatt Di,7.7,27,108,Comedy
Aumenta que é Rock'n'Roll,7.2,270,112,Comedy
Son of a Rich 2,5.7,1000,114,Comedy
Mandira,6,992,121,Comedy
Vishesham,6.7,1300,136,Comedy
Samana Sunrise,6.5,61,100,Comedy
Terrornet,3.8,82,88,Comedy
ReEmigrantai 2,6.8,67,95,Comedy
Kodaikanal,9.2,67,173,Comedy
Un lío de millones,6,50,91,Comedy
"Snow, Tea and Love 2: With a Little Luck",3.9,260,97,Comedy
Honey Money Phony,6.2,168,115,Comedy
Citizen of a Kind,6.7,773,114,Comedy
Letuchiy korabl,3.8,290,100,Comedy
Mikka Bannada Hakki,9,11,90,Comedy
Clown II,7.5,12,141,Comedy
About Family,7.9,99,106,Comedy
"Die Heinzels: Neue Mützen, Neue Mission",6.4,70,76,Comedy
Ni Main Sass Kuttni 2,6,1300,125,Comedy
Kiyma: Orman Kanunlari,4.3,34,81,Comedy
Adios Amigo,5.9,1400,156,Comedy
Head South,6.8,219,98,Comedy
Solos en la noche,5.8,92,88,Comedy
2 Fingers Honey 2,7.1,90,106,Comedy
Andrea Gets a Divorce,6.5,685,94,Comedy
Mud Key,7.5,26,76,Comedy
Builder Boys,6.6,166,122,Comedy
Tulnukas 2 ehk Valdise tagasitulek 17 osas,6.6,590,99,Comedy
Riders,6.4,444,105,Comedy
Negeri Para Ketua,8.6,14,106,Comedy
Bhale Unnade,9,3100,137,Comedy
The Rebellious,4.3,147,77,Comedy
Sons of Rizk 3,6.7,1600,125,Comedy
Last ExMas,5.5,327,84,Comedy
The French Italian,6.5,45,92,Comedy
Bis Repetita,5.8,356,86,Comedy
The Heartbreak Agency,5.3,710,94,Comedy
Bodegón con fantasmas,6.5,147,88,Comedy
Dongeng Sang Kancil,8.1,77,99,Comedy
4PM,6.2,36,111,Comedy
Family Therapy,6.1,150,122,Comedy
Jatt & Juliet 3,5.4,1800,135,Comedy
To nie mój film,7.3,89,99,Comedy
C'est le monde à l'envers !,5.3,86,114,Comedy
Le panache,6.7,69,93,Comedy
An Abandoned Team,6.9,74,107,Comedy
Luottomies-elokuva: All In,6,946,93,Comedy
Pavi Caretaker,5.1,2800,150,Comedy
Face Off 7: One Wish,7.3,339,138,Comedy
Zamora,6.8,365,99,Comedy
Yo no soy esa,4.9,270,95,Comedy
Seoulmeyt,4,23,118,Comedy
Vil & Misérable,7.2,53,114,Comedy
Teasing Master Takagi-san Movie,6.7,279,119,Comedy
The Desperate Chase,5.5,51,110,Comedy
Martín García,7,11,82,Comedy
Tulang Belulang Tulang,7,38,95,Comedy
For Sale,4.8,663,115,Comedy
Sous écrous,5.3,33,111,Comedy
Joli joli,6.1,85,116,Comedy
Scrambled,7.8,15,76,Comedy
Gandriz Vecpuisis,6,60,91,Comedy
The Heirloom,6.9,38,87,Comedy
Checkmate,4.3,380,104,Comedy
Na Baligh Afraad,6,128,104,Comedy
Just a Couple of Days,6,199,103,Comedy
La Petite et le Vieux,6.8,126,105,Comedy
I Not Stupid 3,6.5,214,132,Comedy
Zahradníkuv rok,6.5,162,104,Comedy
Mathu Vadalara 2,7,1600,139,Comedy
Udan Chhoo,7.7,311,134,Comedy
Artist Unknown,9.2,11,82,Comedy
Arap Kadri,3.8,302,97,Comedy
Birds Flying East,5.8,557,100,Comedy
All the Wrong Ingredients,5.2,70,87,Comedy
Kevin James: Irregardless,5.7,847,62,Comedy
Caras Vemos,4.5,124,103,Comedy
Do I Shock U Like Lightning,9.2,18,97,Comedy
Erdal and Ece,4.3,4200,107,Comedy
Penguin Girl,6.8,5,98,Comedy
Soft Love,6.6,34,114,Comedy
Baba Yaga spasaet Novyy god,4.4,113,99,Comedy
Guy Manley: Super Spy,4.5,115,92,Comedy
Doctor Doctor,8.2,125,98,Comedy
Políticamente incorrectos,5.2,571,90,Comedy
Veeranjaneyulu Vihara Yatra,8.7,2200,130,Comedy
Fragments of Us,8.3,8,49,Comedy
Heads or Fails,8.1,14,86,Comedy
Christmas Overtime,5.2,20,92,Comedy
Miracle Mile,8.7,27,82,Comedy
Salsa,5.7,256,100,Comedy
Hawaii,2.5,250,82,Comedy
February,8.9,28,49,Comedy
Bachelor Party,5.2,333,145,Comedy
Lambran da Laana,6.1,38,130,Comedy
This is Not a Christmas Movie,6.2,317,105,Comedy
Shinda Shinda No Papa,5.8,611,135,Comedy
Çakallarla Dans 7,4.3,166,109,Comedy
Fakt Purusho Maate,7.2,266,136,Comedy
The Late Game,4.6,307,85,Comedy
Sevmek Yüzünden,3.6,615,104,Comedy
Bad Director,5.3,81,131,Comedy
Døde menn går på ski,5.5,188,89,Comedy
Vive e Deixa Andar,6.3,50,107,Comedy
Türkler Çildirmis Olmali 2: Mavi Vatan,2.2,153,100,Comedy
A Nice Jewish Boy,6.2,301,89,Comedy
Kuch Khattaa Ho Jaay,5.5,5000,125,Comedy
Ilana Glazer: Human Magic,6.2,295,55,Comedy
Drie dagen vis,7.3,113,85,Comedy
My Boo,6.1,653,125,Comedy
Saint Young Men: Holy Men vs Demon Army,3,13,93,Comedy
Konets Slavy,5.4,231,95,Comedy
Lantrani,5.1,468,99,Comedy
Anunnakiler,2.6,428,76,Comedy
Rob N Roll,6.1,1500,98,Comedy
The Ring,7.7,117,120,Comedy
Navra Maza Navsacha 2,5.3,497,143,Comedy
Marriage Mansion,9.1,23,0,Comedy
Vasco Da Gama,5.1,2900,125,Comedy
Ici et là-bas,5.3,247,90,Comedy
Al otro barrio,5.3,61,108,Comedy
"Don't Cry, Butterfly",6.4,107,97,Comedy
The Haunted Studio,3.8,170,90,Comedy
Don Dukun,7,48,98,Comedy
Future Date,6.6,120,82,Comedy
La familia Benetón,4.4,384,93,Comedy
Férias Trocadas,5.5,158,97,Comedy
Carole & Grey,8.1,14,70,Comedy
Young Lion of the West,8.1,106,93,Comedy
Chicken Coop,5.8,87,98,Comedy
Spre punctul G,6.1,114,84,Comedy
Petta Rap,4.2,1700,123,Comedy
Bored Games,3.9,109,76,Comedy
Bocchi the Rock! Re: Re:,7.9,87,77,Comedy
Sign Here,6.2,242,100,Comedy
Jimmy Carr: Natural Born Killer,6.7,2500,59,Comedy
Swamp Dogg Gets His Pool Painted,8.9,39,95,Comedy
"Gulay lang, manong",7,22,90,Comedy
Momma's Boy,3.8,47,105,Comedy
The Premiere,9,11,81,Comedy
Lobola Man,4.6,201,108,Comedy
Výjimecný stav,5.3,110,101,Comedy
Sunlight,7.9,17,96,Comedy
Dirty Laundry,7.6,12,71,Comedy
Der Vierer,5.6,115,88,Comedy
Larry Dean: Fudnut,7,27,54,Comedy
Bakkal Amca: Mahmut Tuncer,3.8,208,106,Comedy
La storia del Frank e della Nina,7.7,52,105,Comedy
Buscando a Coque,5.4,343,90,Comedy
The Grand Siege,6.1,49,97,Comedy
All In,5.6,84,103,Comedy
Pee Nak 4,4.8,397,115,Comedy
Vampire Zombies... From Space!,7.6,59,98,Comedy
K-Pops!,7.1,55,114,Comedy
Her Seyin Basi Merkür,3.6,144,105,Comedy
Alpacalypse,5.6,26,77,Comedy
Undying,6.7,13,26,Comedy
Amityville Turkey Day,2.7,302,94,Comedy
Finché notte non ci separi,5.8,77,85,Comedy
¿Es el enemigo? La película de Gila,6.8,107,100,Comedy
Scotoe,5.1,373,85,Comedy
The Shakedown,5,304,104,Comedy
Complotul Bonelor,3.2,332,109,Comedy
Honeko Akabane's Bodyguards,5.9,35,117,Comedy
L'àvia i el foraster,7.3,54,115,Comedy
OMG: O Manchi Ghost,5.2,585,125,Comedy
Operation War Thunder,5.3,116,74,Comedy
Life Hotel,6.6,150,118,Comedy
Blood Mountain Massacre,5.4,35,89,Comedy
Ababooned,6.5,122,94,Comedy
"Kiss Me, Kate: The Musical",7.7,26,161,Comedy
Could Have Waited for August,6.2,831,112,Comedy
Kundannoorile Kulsitha Lahala,8.4,282,147,Comedy
Çilgin Dersane 5: Updated,3.5,23,106,Comedy
Sundaram Master,6.2,387,122,Comedy
Keep Rolling,5.9,42,101,Comedy
Neuilly-Poissy,4.8,133,97,Comedy
Modal Nekad,7.7,85,107,Comedy
Daaru Na Peenda Hove,7.7,2300,111,Comedy
The Last Frenzy,5.3,214,107,Comedy
Teriyaan Meriyaan Hera Pheriyan,6.7,75,125,Comedy
Die geschützten Männer,5.4,39,104,Comedy
Yumi's Cells: The Movie,6.2,48,93,Comedy
Üç Günlük Dünya,8.9,87,115,Comedy
On aurait dû aller en Grèce,4.5,26,81,Comedy
Nakon ljeta,6,183,98,Comedy
Balas & Bolinhos: Só Mais uma Coisa,6.3,376,113,Comedy
The Honest Candidate,5.3,293,96,Comedy
Babli,6.8,565,134,Comedy
Table for Six 2,5.4,312,133,Comedy
Vivekanandan Viralaanu,3.9,1400,121,Comedy
Our Church Thinks We're Dating,7.5,59,102,Comedy
Sthanarthi Sreekuttan,8,1500,135,Comedy
Mind on kaks,5.5,126,90,Comedy
Fasel Men El Lahazat El Lazeeza,6.6,844,122,Comedy
Pretty Boys,5.4,33,67,Comedy
Gepack,6.6,357,97,Comedy
Isleen Pines,5.2,539,84,Comedy
Una Historia de Amor y Guerra,6,27,111,Comedy
Lail Nahar,4.3,118,110,Comedy
Jamalaye Jibonto Bhanu,7.6,55,129,Comedy
Ducobu passe au vert!,4,124,90,Comedy
Jeonde Raho Bhoot Ji,5.3,137,112,Comedy
Die Chaosschwestern und Pinguin Paul,5.7,66,100,Comedy
Lohusa,5.4,2800,118,Comedy
Chabuca,6.7,245,113,Comedy
Karaoké,5.6,146,89,Comedy
Un monde merveilleux,7.3,15,78,Comedy
Tomten är far till alla barnen,7.4,9,150,Comedy
Mielensäpahoittajan rakkaustarina,6.6,184,98,Comedy
Dünya Varmis,7.3,48,100,Comedy
The Disruptors,5.8,176,86,Comedy
Two's a Crowd in Orlando,5.4,111,90,Comedy
Marianengraben,7.5,64,87,Comedy
PT Sir,6.8,1700,130,Comedy
The Proud Princess,7.1,98,84,Comedy
"Goodbye, Hello",5.4,62,97,Comedy
Dreaming of Lions,7,25,88,Comedy
Pad Gaye Pange,8.4,175,118,Comedy
Sei fratelli,5.8,140,103,Comedy
Wonderful Precure! The Movie! Doki Doki Game no Sekai de Daiboken,7,26,71,Comedy
"Nosotros, los De la Fe",7.9,48,118,Comedy
Gaganachari,6.9,1100,115,Comedy
Grand Finale,6.6,123,135,Comedy
Un altro ferragosto,5.7,608,115,Comedy
Perhoset,6.5,130,98,Comedy
Divine Remedy,7,22,96,Comedy
Opa Cor,5.9,177,86,Comedy
Håkan Bråkan 2,5.4,128,92,Comedy
Dreaming of You,8.5,24,95,Comedy
Traces of Love,6.5,901,105,Comedy
Elle & lui & le reste du monde,5.7,106,85,Comedy
How to Survive a Marriage?,6.8,315,122,Comedy
Paul and Paulette Take a Bath,7.8,50,109,Comedy
Io e te dobbiamo parlare,4.2,137,95,Comedy
Jeff Dunham's Scrooged-Up Holiday Special,6.1,347,59,Comedy
Headwind,5.6,106,91,Comedy
Harta Tahta Boru Ni Raja,8.1,25,114,Comedy
TKT,7.5,38,83,Comedy
Froggie,7.6,11,90,Comedy
Zbory OSBB,6.9,480,90,Comedy
Bratya,3.1,105,103,Comedy
Falla girare 2,5.3,109,103,Comedy
Un paseo por el Borne,7.2,22,112,Comedy
Best Man Dead Man,7.8,7,83,Comedy
A Hipster in Rural Spain,4.5,585,97,Comedy
All's Fair in Love,6.3,16,115,Comedy
Buenas Chicas,5.3,161,120,Comedy
My Future You,8.5,45,109,Comedy
Krishnam Pranaya Sakhi,7.4,3100,159,Comedy
Hannah Gadsby's Gender Agenda,5.6,815,75,Comedy
Vithaikkaran,4.6,351,128,Comedy
Me Contro Te - Il film: Operazione Spie,4.3,46,62,Comedy
Paranoya,8.7,37,118,Comedy
I Am Not Big Bird,5.3,193,96,Comedy
Touched by Eternity,6,51,95,Comedy
De Bellinga's: Pretpark op stelten,3.1,123,70,Comedy
Raju Yadav,4.1,192,121,Comedy
Chhakka Panja 5,5.6,77,165,Comedy
3 Schmucks,8.4,150,91,Comedy
The Drunken Prodigy,5.6,13,107,Comedy
Fuuto PI: Portrait of Kamen Rider Skull,7.5,30,82,Comedy
Advent,7.5,6,119,Comedy
The Trophy Bride,6.2,36,112,Comedy
Cortina Express,5.2,138,102,Comedy
Oru Bharatha Sarkar Ulppannam,8.7,46,115,Comedy
Kudi Haryane Val Di,6.2,306,162,Comedy
Five Friends,6.7,851,112,Comedy
Sureshinteyum Sumalathayudeyum Hridayahariyaya Pranayakatha,5.9,83,138,Comedy
Honeymoon Express,8.4,2100,118,Comedy
Miracle Mirrors,6.5,107,103,Comedy
Hunting Season 2,4.2,284,90,Comedy
Pagpag 24/7,4.4,51,130,Comedy
Silent Trilogy,7.1,26,61,Comedy
My Sassy Girl,5.2,109,117,Comedy
Hubba,5.9,1100,135,Comedy
The Drop,9.3,67,93,Comedy
Aaram Aravinda Swamy,9.4,327,132,Comedy
Swag,7.7,3000,150,Comedy
This Is the Goat!,5.3,281,100,Comedy
Too Many Christmases,7.8,457,92,Comedy
G for Gap,7.2,533,103,Comedy
Partiu América,4.6,241,100,Comedy
Prathibha Tutorials,4,117,117,Comedy
Luigi's Mansion,6,17,60,Comedy
My Zombabe,5.1,78,105,Comedy
I symmoria tis symforas,7,77,114,Comedy
Neal Brennan: Crazy Good,7.2,1400,53,Comedy
Tô de Graça: O Filme,4.6,116,95,Comedy
¿Quién quiere casarse con un Astronauta?,8.7,10,94,Comedy
Top 10 Must,7.5,26,90,Comedy
Panchavalsarapadhathi,4.3,66,123,Comedy
Amar Prem Ki Prem Kahani,4.4,629,117,Comedy
Ramnagar Bunny,9.2,2400,148,Comedy
Daghabaaz Dil,6.4,67,123,Comedy
The Mother and the Bear,7.5,26,100,Comedy
Our Folks: The Beginning,5.4,561,118,Comedy
Gam Gam Ganesha,5.3,307,140,Comedy
Choke,7.9,19,98,Comedy
Die Ironie des Lebens,6.6,66,109,Comedy
Un mal día lo tiene cualquiera,5.1,234,78,Comedy
Lineman,6.3,60,121,Comedy
Sharkers,4.1,159,88,Comedy
Brattt,4.7,66,117,Comedy
60 Miles North,8.7,79,81,Comedy
Rocky and Bullwinkle,9.7,11,100,Comedy
Or Utopia,5.7,58,129,Comedy
Striking the Palace,6,264,87,Comedy
Si Juki the Movie: Harta Pulau Monyet,6,114,107,Comedy
Hinter dem Eisernen Horizont,7.6,12,88,Comedy
Doctor X: The Movie,7.7,44,128,Comedy
Degree Maila M.A 3rd Class,6.2,552,151,Comedy
Brother,6.3,2300,140,Comedy
Le beau rôle,6.9,54,84,Comedy
The Hedgehog,6.7,665,104,Comedy
Zyat,4.2,108,80,Comedy
Nemlizade,5.7,130,100,Comedy
Pourquoi tu souris?,5.7,252,96,Comedy
Abracadaver,6.5,98,114,Comedy
Mükemmel Aile,6.1,11,87,Comedy
Nintama Rantaro Dokutake Ninja-tai Saikyou no Gunshi,6.8,14,90,Comedy
Rocket Driver,6.7,1200,103,Comedy
The Nut Farm,7.9,38,91,Comedy
Look at Me,5.9,15,87,Comedy
Roti Kapda Romance,7.5,2500,153,Comedy
Viswam,4.3,628,155,Comedy
Jorgovani,5.7,610,83,Comedy
Him,7.1,19,80,Comedy
Kasada Parti,2.2,386,90,Comedy
Trizombie,7.5,56,82,Comedy
Molière's Last Stage,5.1,103,94,Comedy
Es por su bien,5.4,148,104,Comedy
Bhalle Padharya,7.9,142,118,Comedy
Pérez Rodríguez,8.6,37,103,Comedy
Bed & Breakfast,6.2,199,83,Comedy
The Influencer,4.5,15,89,Comedy
Listy do M. Pozegnania i powroty,6,308,123,Comedy
Tom Papa: Home Free,6.9,473,62,Comedy
CHAAW: Chapter 3 - Christmas Time Is Here,7.9,474,72,Comedy
Good Guys Go to Heaven,6.1,135,86,Comedy
Skinny Love,8.3,83,92,Comedy
Love Lies,7.3,245,114,Comedy
Happiness Is,3.8,291,96,Comedy
Tschugger - Der Lätscht Fall,8.1,162,147,Comedy
Puffing Iron,8,17,98,Comedy
Pattaapakal,2.6,220,104,Comedy
Greice,6.9,118,110,Comedy
Tudo por um Pop Star 2,5.6,56,74,Comedy
#AAY,6.4,789,142,Comedy
Family Padam,7,959,131,Comedy
Upadhyaksha,6.3,367,153,Comedy
Nenormalnyy,6.4,149,103,Comedy
Mana Man,4.7,76,103,Comedy
A Wall Away,5,75,90,Comedy
Frendo,8.5,181,146,Comedy
Bharathanatyam,5.7,1600,169,Comedy
Jacqueline Novak: Get on Your Knees,6.7,850,94,Comedy
Neelan & Kevin,8,10,89,Comedy
Yeni Hayat,3,32,132,Comedy
Locha Laapsi,7.2,357,111,Comedy
Bloody Beggar,6.2,4400,134,Comedy
C Takimi,4,421,135,Comedy
Guardian,4.1,663,120,Comedy
Askepote,3.5,80,72,Comedy
Chal Bhajj Chaliye,5.7,135,132,Comedy
BROKE. ALONE. A kinky love story,5.8,55,95,Comedy
The Million Dollar Bet,8.2,17,90,Comedy
Heavens: The Boy and His Robot,6.3,21,98,Comedy
Pasutri Gaje,5.9,324,109,Comedy
Christmas in Lagos,4.6,167,120,Comedy
Jo Tera Hai Woh Mera Hai,5.1,229,101,Comedy
Domovyonok Kuzya,6.5,801,90,Comedy
A Soweto Love Story,4.4,282,101,Comedy
Mallandro: O Errado que Deu Certo,5.8,144,96,Comedy
Scarpedicemente,8.5,32,86,Comedy
Steal the Naughty List,6.7,113,90,Comedy
Oru Kattil Oru Muri,4.5,55,125,Comedy
Boda Love,8.2,13,107,Comedy
Idiot Girls and School Ghost: School Anniversary,7.3,43,90,Comedy
Dikkie Dik 2: Een Nieuwe Vriend voor Dikkie Dik,7.4,71,70,Comedy
Passagrana,6.5,124,100,Comedy
ED: Extra Decent,6.3,2000,122,Comedy
Swargarath,7.5,51,95,Comedy
Fin de fiesta,7.7,55,103,Comedy
Shanghai Story,8.1,55,71,Comedy
DND Betches!,8.4,10,49,Comedy
Betting with Ghost,6.7,46,112,Comedy
Un día en Culiacán,6.6,12,105,Comedy
Draugu lazybos,5.9,271,105,Comedy
Guy Friends,5.7,22,84,Comedy
Expeditie Cupido,3.8,170,105,Comedy
"De Repente, Miss!",6.5,76,93,Comedy
Parahuna 2,6.7,80,115,Comedy
Arzé,7.6,123,90,Comedy
Road Trip,6.2,120,108,Comedy
JAPA,7.5,15,110,Comedy
On fait quoi maintenant?,4.8,74,91,Comedy
Mame snova 17,5.5,171,108,Comedy
Good Luck,8.9,37,107,Comedy
Kill the Children first,7.8,25,106,Comedy
Welcome to My Side,7.1,82,102,Comedy
The Heist,6.9,2000,120,Comedy
Belle enfant,5.8,56,102,Comedy
Surge of Power: Where There's Smoke,7.3,12,68,Comedy
Athens Midnight Radio,7.3,207,74,Comedy
Satilik Degildir,3.1,25,97,Comedy
Sea of Madness,7.8,21,93,Comedy
Hollywood Dreams,8.5,20,99,Comedy
Jo Koy: Live from Brooklyn,6.6,749,59,Comedy
Itutumba ka ng tatay ko,5.7,29,109,Comedy
Amo-te Imenso,5.8,83,87,Comedy
Vayasethrayaayi? Muppathiee..!!,5.3,431,122,Comedy
Bairi,7,496,140,Comedy
Ext. Masina. Noapte,5,75,73,Comedy
Mr. Easy Loo,8.3,8,84,Comedy
A Christmas Dream,4.5,48,94,Comedy
Money No Enough 3,6,261,138,Comedy
BhamaKalapam 2,5.8,271,128,Comedy
Son Sans,5.4,10,86,Comedy
Ismo - maailman hauskin ulkopuolinen,7.3,89,98,Comedy
Tasty,7.8,60,90,Comedy
Perumani,5.8,230,137,Comedy
Fêlés,5.3,71,91,Comedy
The Good Loan Sharks,5,75,122,Comedy
Anyone Else But Me,7,152,95,Comedy
Yamas!,4.1,86,115,Comedy
Raghu Thatha,6.2,559,134,Comedy
Genis Aile 4: Cevahir & Ulvi,6.9,53,90,Comedy
Maxxie LaWow: Drag Super-shero,8.9,54,114,Comedy
Check Please,8.9,17,82,Comedy
Dave Attell: Hot Cross Buns,7.1,997,40,Comedy
Entra en mi Vida,3,101,77,Comedy
Flaminia,5.3,306,98,Comedy
Game Changers,4.7,218,78,Comedy
Veda Partisi,6.4,34,95,Comedy
Muxmäuschenstill X,5.8,13,94,Comedy
Noche De Bodas,4.6,223,90,Comedy
Once Upon a Time in Kochi,7.2,62,125,Comedy
Dalej jazda!,6.3,65,100,Comedy
Christmas Is Cancelled,4.2,363,78,Comedy
La gardav,6.4,53,87,Comedy
Thookudurai,4.3,2300,125,Comedy
Micha denkt groß,5.4,114,88,Comedy
Dona Lurdes: O Filme,5.7,101,90,Comedy
Jatt Nuu Chudail Takri,5.1,3900,155,Comedy
Malayalee from India,5.6,5000,160,Comedy
Vaar Tahevaar,8,278,127,Comedy
Santa Hunters,5.8,32,97,Comedy
Move Like a Boss,2.7,93,93,Comedy
LOL Surprise! The Skate Dance Movie,8.3,13,60,Comedy
Royal Façade,8.5,56,95,Comedy
Mr Shudai,9.2,533,153,Comedy
Glassmates,9,69,126,Comedy
Ame no naka no yokujô,6,66,132,Comedy
The Love Buzz,5.7,157,100,Comedy
Christmas Carole,4.3,73,93,Comedy
Pochivkata,6.2,43,111,Comedy
The Gesuidouz,6.9,52,93,Comedy
"Step Back, Doors Closing",9,39,98,Comedy
Kanni,8.5,149,122,Comedy
When Santa Was a Communist,7.2,45,86,Comedy
Iyer in Arabia,6,743,140,Comedy
SottoCoperta,7.6,75,96,Comedy
Reel Hard,8.2,11,81,Comedy
10 Pasimatymu,6.1,22,99,Comedy
Tu madre o la mía,3.8,134,84,Comedy
Fire Supply,6.8,12,165,Comedy
Royal Runaways,5.1,10,0,Comedy
Double Tuckerr,5,1200,120,Comedy
Keluar Main 1994,7.8,47,112,Comedy
Porch Pirates,5,100,107,Comedy
Second Life,6.9,42,105,Comedy
Hot Spot,7.3,951,122,Comedy
Super papa,5.2,110,90,Comedy
The Pickleball Murders,4.8,34,0,Comedy
Bar MoskvaChiki,5.2,100,91,Comedy
Ruki vverkh!,5.5,241,102,Comedy
The Ballad of Hortensia,6.7,124,94,Comedy
A Most Atrocious Thing,3.8,251,75,Comedy
Lump,7.7,9,77,Comedy
El Tiburón,7.8,5,93,Comedy
Franta mimozemstan,4.7,71,98,Comedy
E se mio padre,6.2,11,100,Comedy
Zénithal,5.3,70,80,Comedy
Tratamos demasiado bien a las mujeres,4.8,246,96,Comedy
Kalvan,5.6,984,142,Comedy
Beyond the Lake,5.5,65,98,Comedy
Pandasaurus,3.5,51,78,Comedy
Pui Pui Molcar the Movie: Molmax,7,7,69,Comedy
Baskan,5.9,63,114,Comedy
Operation Portugal 2 - La vie de chateau,5,119,93,Comedy
Puang Bos!,8.6,5,100,Comedy
Alibaba Aani Chalishitale Chor,5.8,143,125,Comedy
A Christmas Storm,6.5,169,90,Comedy
Thundu,5,901,125,Comedy
Hitler,5.2,302,128,Comedy
Leydi Di,2.4,19,113,Comedy
Ben and Suzanne: A Reunion in 4 Parts,8,21,109,Comedy
Housekeeping,6,41,98,Comedy
Gidersen Gitme,3,37,98,Comedy
B4S: Truoc Gio Yeu,5.8,58,97,Comedy
Kaka Boss,6.8,446,121,Comedy
Kardes Takimi,3.5,538,95,Comedy
Canta Y No Llores,4.5,76,90,Comedy
Love and Work,7,13,74,Comedy
La Hayde Maske,6.8,18,107,Comedy
Gecenin Nakarati,7.3,22,104,Comedy
Call Me Agnes,7.2,12,94,Comedy
Father's Haunted House,5.9,287,93,Comedy
The Stork,7.1,8,96,Comedy
Easter Evil,2.6,148,72,Comedy
14 Days to Feel Better,5.1,249,90,Comedy
Bionico's Bachata,8.3,37,80,Comedy
Liebling Kreuzberg 2.0,5.1,49,89,Comedy
Panchak,7.9,68,122,Comedy
The Greatest Surf Movie in the Universe,5.4,8,81,Comedy
Chinatown Chacha,5.1,55,103,Comedy
Yesterday After Tomorrow,5.2,310,120,Comedy
Adrienne Iapalucci: The Dark Queen,6.5,301,52,Comedy
2020,7.5,79,87,Comedy
History and Geography,6.7,66,90,Comedy
Oh My Ghost: The Finale,7.6,30,112,Comedy
Maruthi Nagar Subramanyam,8.4,3300,147,Comedy
Voditel-oligarkh,4.5,351,86,Comedy
Blindgänger,7.8,20,95,Comedy
Be My Friend,6,65,125,Comedy
Ordinary Things,7.3,65,88,Comedy
Hello My Beautiful Creatures,6.8,169,142,Comedy
Kamthaan,6.6,1300,124,Comedy
Luv Ki Arrange Marriage,3.9,4500,135,Comedy
Panchayat Jetty,5,662,139,Comedy
Geethanjali Malli Vachindi,4.9,2200,144,Comedy
Inga Naan Thaan Kingu,5.3,442,132,Comedy
Il complottista,7.3,12,85,Comedy
Pare parecchio Parigi,5.3,355,90,Comedy
Mirg,6.3,35,83,Comedy
Our Christmas House,5.4,44,77,Comedy
Family Gbese,4.5,36,88,Comedy
Underground Orange,7.6,60,85,Comedy
El Harifa 2: El Remontada,7.3,224,130,Comedy
Za slova otvechayu,4.5,64,101,Comedy
Les boules de Noël,4.5,29,90,Comedy
Sexagenarian,7.9,11,74,Comedy
Ricomincio da TAAAC,5.6,273,98,Comedy
Welcome Wedding,4.7,32,120,Comedy
Michelle Buteau: A Buteau-ful Mind at Radio City Music Hall,5.5,372,64,Comedy
Achilles Curse and the Curse of Treasure,7.4,24,125,Comedy
Ne odna doma,4.1,79,79,Comedy
Hope's Hollywood Christmas,8.9,28,90,Comedy
Vidya Vasula Aham,6.6,92,102,Comedy
"Fallen Leaves, Broken Lighters",7.8,6,96,Comedy
Women Want Everything!,3.7,60,90,Comedy
Me contro Te: Cattivissimi a Natale,2.6,20,69,Comedy
Double Engine,5.6,114,106,Comedy
Gholhak,2.7,106,104,Comedy
80 Plus,7.1,41,95,Comedy
Demetri Martin: Demetri Deconstructed,6.8,530,51,Comedy
Top Love: Só e Bem Acompanhado,6.4,5,99,Comedy
Viva a Vida,6.7,22,99,Comedy
Odin den v Stambule,5.5,203,93,Comedy
Iron Nest of the Moon,7.6,13,70,Comedy
V de Victor,5.2,73,100,Comedy
The Legend of Crick Foot,5.9,86,83,Comedy
Lion of Judah Legacy,6.2,70,96,Comedy
Twisted Hearts,6.9,10,90,Comedy
Doce Família,5.2,103,90,Comedy
Perra Vida,5.4,144,107,Comedy
Maloney - Die ersten drei haarsträubenden Fälle,6.7,76,98,Comedy
Market Mahalakshmi,4.2,2300,133,Comedy
Apaixonada,4.3,134,95,Comedy
Aile Çikmazi,3.1,144,105,Comedy
Les cadeaux,5.1,48,84,Comedy
Baba Beni Güldürsene,7.4,20,105,Comedy
Sal Vulcano: Terrified,7.1,101,71,Comedy
Presque légal,4.9,61,82,Comedy
Front Row,7.1,18,86,Comedy
Eho kati na po,6.8,10,96,Comedy
Elevator,5.3,125,95,Comedy
Kismath,5.3,2100,128,Comedy
Succede anche nelle migliori famiglie,4.1,199,77,Comedy
The Yoshi Movie,7.7,12,105,Comedy
Uang Panai' 2 Maha(r)l,7.7,40,106,Comedy
Topolinyy pukh,5.3,130,83,Comedy
Los Justos,6.4,72,79,Comedy
Moshimo Tokugawa Ieyasu Ga Souridaijin Ni Nattara,5.9,27,110,Comedy
Bharathanatyam,6.7,1600,121,Comedy
Inheritance to Love,9.2,33,88,Comedy
My First Year Off Campus,8,19,85,Comedy
El Precio de Educarlos,6.1,61,90,Comedy
Svetlyachok,6.8,18,112,Comedy
Pushpaka Vimanam,5.6,16,137,Comedy
Sonnenplätze,6.5,85,93,Comedy
Juanpis González: The People's President,5.9,133,91,Comedy
Aaichya Gavat Marathit Bol,7.1,59,116,Comedy
Bantay-bahay,4.6,14,86,Comedy
Pool & Party,2.7,219,90,Comedy
Gull Lake Vice II: The Delusion Continues,8.2,16,58,Comedy
Alaap,6.3,112,145,Comedy
Balayi Olayi,2.7,42,107,Comedy
Ari-cassamortari,4.8,67,111,Comedy
Walk the Line,5.5,92,115,Comedy
Shri Swapankumarer Badami Hyenar Kobole,5.6,323,146,Comedy
Bapu Ni Manda Mera,5.8,30,98,Comedy
Hum Tum Aur Woo,8.9,13,100,Comedy
The Satire,7,28,85,Comedy
Sleep with Your Eyes Open,5.9,105,97,Comedy
Baby boom czyli Kogel Mogel 5,3.7,154,87,Comedy
Gangs of Sukumara Kurup,9.2,55,117,Comedy
Muri & Ko,6.1,44,103,Comedy
O nomos tou Merfy,6,104,129,Comedy
Duel in trei,7.2,65,95,Comedy
Migawari Mission,6.4,53,119,Comedy
Víctor Presidente,7.9,7,85,Comedy
Geister,6.5,10,82,Comedy
Stalker,3,7,91,Comedy
Hidden Flora,7,17,93,Comedy
Ayo Balikan,7.1,25,86,Comedy
Husband for Sale,5.1,16,90,Comedy
Motu Patlu & The Race to the Diamond Valley,7.8,27,72,Comedy
Adam i Eva,5.1,92,95,Comedy
Kattis Gang,8.2,402,144,Comedy
Saint Nick,5,73,91,Comedy
Megdan: Between Water and Fire,5.4,716,106,Comedy
Pailam Pilaga,9,852,125,Comedy
Cholay,8.6,53,60,Comedy
Uralochka,3.7,92,95,Comedy
Norbert(a),5.3,75,89,Comedy
Scream: The Fan Favorite,8.4,16,49,Comedy
The Premiere,10,8,106,Comedy
Mansarra,7.7,20,138,Comedy
Fallen Fruit,6.3,50,87,Comedy
Marlon Wayans: Good Grief,6.1,357,68,Comedy
Rosetta Stoned,8.7,19,95,Comedy
Retro Therapy,6,50,87,Comedy
BAM!,7.2,27,80,Comedy
Oflu Hoca 4,5,28,94,Comedy
Couple in the Woods,5.8,30,65,Comedy
Al Eid Eiden,6.1,11,110,Comedy
Oyunda Kal: Eglence Arenasi,2.7,35,92,Comedy
Pulp Modern: Die Laughing,8.2,87,83,Comedy
A Danfo Christmas,3.8,52,120,Comedy
Operation Wakaliga: Fate and Blood,6.7,11,66,Comedy
Tur s Ivanushkami,5.3,157,111,Comedy
Kunddala Puranam,4.3,157,122,Comedy
Amici per caso,6.1,31,95,Comedy
Trip-Tych,6.9,28,80,Comedy
Hep Yek: Asiret,2.3,198,86,Comedy
A Postcard from Rome,7.3,160,88,Comedy
Come far litigare mamma e papà,5.5,91,93,Comedy
East of Noon,6.7,34,109,Comedy
A Very Flattened Christmas,6.1,35,95,Comedy
Ajab Gajab Dhamal,5.1,44,141,Comedy
Cingene Kizi Zeugma,4.7,7,105,Comedy
Manyunya. Priklyucheniya v derevne,5.9,114,84,Comedy
Teddiscare,2.1,158,82,Comedy
Cinta Tak Seindah Drama Korea,7.2,45,118,Comedy
Blue Star,6.9,1500,166,Comedy
Mike Epps: Ready to Sell Out,5.4,366,61,Comedy
Vstretimsya vchera,6.4,339,79,Comedy
Bootcut Balaraju,4,1700,144,Comedy
Scorned Waifu,4.7,10,135,Comedy
Darshini,8.8,2100,120,Comedy
La scommessa - Una notte in corsia,6.8,25,84,Comedy
Uruku Patela,6.7,913,122,Comedy
COMA,9.5,9,80,Comedy
Palacio Estilistas,3.6,28,85,Comedy
Happy Birthday to Me,8.2,87,112,Comedy
Il Signore,7.3,68,107,Comedy
Boomerang,7.3,385,134,Comedy
Nothing Unusual,9.7,12,92,Comedy
Conte nuptial,6.1,9,73,Comedy
Abbabba,8.5,151,147,Comedy
Petualangan Anak Penangkap Hantu,6,23,99,Comedy
Bring Me Home,6.5,42,83,Comedy
Bienvenidos al paraíso,4.9,21,100,Comedy
Mukidi,5.9,24,91,Comedy
Love Live! Nijigasaki High School Idol Club Final Chapter Part 1,6.5,8,59,Comedy
Saka Perawan,5,53,91,Comedy
Mind Body & Soul,7.5,14,80,Comedy
Los Mecánicos 2,8.1,8,112,Comedy
A Tuesday Wedding,7.3,21,95,Comedy
Licença para Enlouquecer,7.8,14,95,Comedy
Fainéant.e.s,6,56,103,Comedy
V dobrém i zlém,7,19,93,Comedy
Rachel Feinstein: Big Guy,6.5,385,54,Comedy
Super Zindagi,5.6,142,131,Comedy
Nalla Perai Vaanga Vendum Pillaigale,8.3,572,115,Comedy
Koresha,2.9,61,86,Comedy
Rajakaran Gela Mishit,6.2,7,122,Comedy
Yashan yev Leonid Brezhnevy,8,24,100,Comedy
Last Defenders of Monogamy,5.3,385,84,Comedy
Cat's Luck,6,59,108,Comedy
Kiralik Baba,5,17,102,Comedy
Una película barata,6.3,79,63,Comedy
Real Estate Sisters,4.8,17,84,Comedy
Indrani: Epic-1 Dharam vs Karam,7.6,1100,157,Comedy
Mahajatra,7.5,266,160,Comedy
Merz gegen Merz - Geheimnisse,7,67,89,Comedy
The Haunting of Lanquetot,3.8,9,96,Comedy
Lyubov so vtorogo vzglyada,4.7,72,97,Comedy
Amityville Webcam,3.8,15,102,Comedy
Idu Entha Lokavayya,6.6,7,120,Comedy
De Dans van Natasja,6.8,42,102,Comedy
Lyubov zla,6.2,395,83,Comedy
Lo carga el diablo,7.7,21,104,Comedy
For Regn,3.8,559,140,Comedy
Soodhu Kavvum 2: Naatum Naatu Makkalum,3.7,196,129,Comedy
Aflatoon,7.8,1000,134,Comedy
Manyunya. Priklyucheniya v Moskve,5.7,107,87,Comedy
Back to 2005,8.3,45,88,Comedy
Sneaking Around,8.8,21,80,Comedy
Chow Chow Bath,7.1,1200,110,Comedy
Opportunity,9.1,89,96,Comedy
Brian Simpson: Live from the Mothership,7.1,374,70,Comedy
Kadin Kafasi,3.8,25,93,Comedy
Where Elephants Go,7.5,46,115,Comedy
Don Zhuan iz Zhashkova,5.2,61,120,Comedy
SangharshYoddha Manoj Jarange Patil,2.4,169,149,Comedy
Povesti Moldovenesti,9,11,104,Comedy
Red Ollero: Mabuhay Is a Lie,4.8,63,72,Comedy
I soliti idioti 3: Il ritorno,4.8,318,100,Comedy
Malik Salah,8.3,21,100,Comedy
Echoes of Dreams,7.8,16,80,Comedy
Cuñados,5.3,64,89,Comedy
Reeza GTR,7.4,14,91,Comedy
Moorane Krishnappa,7.5,164,141,Comedy
Poklad,4.6,33,100,Comedy
I Heard You Buy Souls,1.5,24,88,Comedy
The Hutong Cowboy,5.3,92,113,Comedy
Sovsem oshaleli,4.2,55,93,Comedy
Mandakini,5.9,2900,127,Comedy
Kunwarapur,9.3,205,135,Comedy
Odna doma. Velikolepnaya pyatyorka,3.9,38,85,Comedy
Semeynyy perepolokh,4.8,58,87,Comedy
Numéro 10,5.4,51,91,Comedy
Chor Chor,9.4,186,127,Comedy
Mr. Engineer and Miss Doctor,6.2,8,40,Comedy
Dragons on the Hill,4.6,49,80,Comedy
Babu (No.1 Bullshit Guy),8.3,2000,125,Comedy
Fallen from the Truck,4.8,103,89,Comedy
Pon Ondru Kanden,5.7,266,120,Comedy
Paarijathaparvam,7.5,2300,133,Comedy
The Uncertainty Principle,7.9,10,89,Comedy
The Sweet Life,5.4,57,101,Comedy
Eternal Playground,6.3,78,83,Comedy
Home Tour - A Bachelor Party,9.5,61,85,Comedy
Naale Rajaa Koli Majaa,9,10,91,Comedy
Los De La Culpa,6.3,29,90,Comedy
Felicia Madison: Better Than Sex,4.6,26,48,Comedy
Papu mame zaverni,3.5,65,106,Comedy
Cuadrilátero,7.7,7,81,Comedy
Marigold,8.9,64,127,Comedy
Por tus muertos,3.3,184,94,Comedy
The Year of Cat,3.2,357,104,Comedy
La reina del convento,3.3,47,84,Comedy
Príncipe Lu e a Lenda do Dragão,4.2,27,90,Comedy
The Diarrhea Brothers Save the Day,6.6,110,105,Comedy
Prisoner Trump: The Don of Cell Block B,4.6,20,87,Comedy
Govorit Zemlya!,5.4,42,116,Comedy
Kallanmaarude Veedu,9.4,8,131,Comedy
The Resellers,8,14,103,Comedy
UnichtoZhanna,3.4,47,98,Comedy
Sleaze Please: The World of Bill Margold,6.7,14,54,Comedy
Al Leib Maa Al Eyal,6.3,15,127,Comedy
Zvyozdy v Sibiri,3.7,83,77,Comedy
Neath's Love Story,7.6,50,106,Comedy
The Old Man and the Demon Sword,7.8,33,63,Comedy
And Through the Portal We Go,7,7,83,Comedy
Goodbye Hamdi,6.2,8,85,Comedy
Stock Shark,7.2,53,47,Comedy
God Dam,7.1,8,60,Comedy
Afacanlar Kampta,4.5,38,84,Comedy
Hazegras,7.8,6,55,Comedy
First Person Savior,4.9,12,81,Comedy
Neprilichnye gosti,6.3,585,83,Comedy
Lgunya,4.7,42,86,Comedy
Öldüm Bittim,6.4,6,90,Comedy
Tuesday's Trash,7.5,32,47,Comedy
Local Sarakku,4.4,2200,133,Comedy
XXL,5.3,44,77,Comedy
A Frozen Rage,5.2,45,115,Comedy
Love Game,8.1,29,110,Comedy
Pro moyu mamu i pro menya,7,8,104,Comedy
Vovó Ninja,5.2,21,96,Comedy
Follow Bear to Adventure,4.3,33,96,Comedy
Ravike Prasanga,7.8,669,152,Comedy
Obe dve,5.1,57,96,Comedy
We Love Bad Boys,1.2,3000,129,Comedy
Tayna Chyornoy Ruki,5.7,22,84,Comedy
Give Me Babies,6.7,6,23,Comedy
Jama,6.3,16,71,Comedy
I Need Your Love,8.9,8,24,Comedy
Byvshiy v pomoshch,5,77,90,Comedy
Ingiliz Anahtari: Recep Usta,7.4,25,98,Comedy
Waning Poetic,8.4,11,93,Comedy
Cici Anne,3.8,39,130,Comedy
Kavej,6.5,114,111,Comedy
Neposlushniki,4.9,93,108,Comedy
Corridor,6,9,108,Comedy
Eppura,8.9,460,109,Comedy
Pravo na levo,3.7,36,88,Comedy
Eksie Perfeksie,6.3,21,103,Comedy
Dünya Evi,4,48,105,Comedy
Osomoy,6.9,438,161,Comedy
Pelesenk Ailesi,6.3,34,115,Comedy
Love Buzz,6.2,39,55,Comedy
Mezhdu nami leto,5.8,53,113,Comedy
Devojacko vece,5.4,26,87,Comedy
Moyo sobache delo,5.2,41,77,Comedy
The Ballad of Straw Hat Sam,9.2,10,45,Comedy
Hayatimiz Roman,5.2,10,105,Comedy
Pink Butterfly,5.8,54,109,Comedy
"7 dney, 7 nochey",6.3,403,98,Comedy
O Procedimento,8.5,46,12,Comedy
YA - medved,4.9,61,97,Comedy
Chhota Bheem and the Curse of Damyaan,4.8,2300,145,Comedy
Removal of the Eye,6.9,8,93,Comedy
Paranormal Cuma,6.9,10,125,Comedy
Just Pass,6.6,210,136,Comedy
Ya Boy Kongming! Road to Summer Sonia,7.5,38,119,Comedy
Vey Dharuvey,6.5,2300,127,Comedy
Prázdniny s Brouckem,5.4,123,87,Comedy
Konjam Pesinaal Yenna,7.2,65,112,Comedy
Vozvrashchenie popugaya Keshi,4.1,59,93,Comedy
Saideira,5.4,39,112,Comedy
Novyy god v Beryozovke,7.1,97,94,Comedy
Jak ukradlem 100 milionów,3.4,92,90,Comedy
The Kills,8.8,8,70,Comedy
Here We Go,4.2,38,102,Comedy
Apollon by Day Athena by Night,6.9,11,112,Comedy
Love in the Time of Corona,4.1,96,100,Comedy
Para Nerede,2.8,43,115,Comedy
Masthu Shades Unnai Ra,7.1,2200,142,Comedy
Chappelle's Home Team: Donnell Rawlings - A New Day,5.7,236,40,Comedy
Çiftligimin Hanimi,3.3,43,110,Comedy
Fresh Off Markham,7,39,85,Comedy
Eine zweite Chance,8.6,39,91,Comedy
Vtroyom,4.6,60,90,Comedy
Cedo Demais,4.3,26,90,Comedy
Langston Kerman: Bad Poetry,6.7,154,50,Comedy
"Hello, Welcome",6.7,12,85,Comedy
Ma part de Gaulois,5.8,46,91,Comedy
SDL A Batalha Musical,7.3,40,102,Comedy
Influenza,4,30,98,Comedy
Kulturnaya komediya,5.2,82,95,Comedy
Non aprite quella bara,6.5,7,96,Comedy
Modest Male Exposure 2: I Dream of Genes,8.7,7,96,Comedy
Raja 420,6.1,21,81,Comedy
The Director's Cut,4.3,15,82,Comedy
Ranganayaka,3.9,70,121,Comedy
"Phil Wang: Wang in There, Baby!",5.8,231,61,Comedy
Ramana Avatara,8.1,35,136,Comedy
Give Me a Ride,5,16,102,Comedy
Alive in Mo...,7.8,20,100,Comedy
21 Numara: Askin Tadi,4.7,17,96,Comedy
Bob a Bobek ve filmu: Na stope Mrkvojeda,8.7,18,80,Comedy
Nenu Keerthana,9,2000,155,Comedy
School Privada Alfonsina Storni,7.3,10,128,Comedy
My Dad Is an Alien,8,18,96,Comedy
Asalto al mayor,6.2,18,110,Comedy
Son Bir Tatil,3.2,10,124,Comedy
Korporatsiya Morozov,5.5,30,83,Comedy
Torun Davasi,3.3,54,112,Comedy
Start It Up,5.8,9,116,Comedy
Prima del giorno dopo,7.9,73,105,Comedy
Osobennosti natsionalnoy bolnitsy,3.9,43,78,Comedy
Passion Project,6.4,17,87,Comedy
Konchem Hatke,8.8,1100,120,Comedy
Nato con la camicia,4.8,11,94,Comedy
Avassaladoras 2.0,3.1,25,94,Comedy
Mezhdu nami,5.1,35,93,Comedy
Julia tiene Sugar,7.6,8,90,Comedy
Dead Fun,8.7,9,61,Comedy
Dracu Ra,5.5,34,106,Comedy
Biz Ayrilamayiz,3.7,34,107,Comedy
Namo,8.4,3100,124,Comedy
The 9th Movie,5.9,66,68,Comedy
Rodnya,7.7,8,99,Comedy
The Pushover,4.3,14,63,Comedy
Mendung tanpo udan,6.3,21,101,Comedy
Vyberi menya,5,62,86,Comedy
Sharma & Ambani,9.1,183,104,Comedy
Don't F with Pablo,7.7,8,103,Comedy
Sergeant Pickle Breath and the Rooftop Warriors,9.3,14,78,Comedy
V banyu!,5.2,69,99,Comedy
Melodate,6.3,16,98,Comedy
Problem Toh Hai,9.7,35,129,Comedy
Velký Pán,7,8,73,Comedy
Slightly New,6.5,67,92,Comedy
The Hero's Journey aka My Life aka the Caleb Johnston Story (I'm Caleb),7,142,99,Comedy
Lattha Sadan,7.5,15,125,Comedy
La Pura Vida,8.9,22,89,Comedy
Tom and Jerry,7.4,1000,111,Comedy
Click,8.5,1100,110,Comedy
Novogodnee chudo,5.5,14,73,Comedy
Las Corredoras,6.2,25,110,Comedy
Combat Code: Hunt,7.4,17,76,Comedy
Seetharam Sitralu,8.3,1000,118,Comedy
Once Upon a Time in Indochine,5.9,9,113,Comedy
Kejarlah Janji,6.4,5,107,Comedy
Best Cop Ever,4.3,49,122,Comedy
Keith Robinson: Different Strokes,6.5,192,53,Comedy
Snooker Man,4.8,62,80,Comedy
The Ballot Box,6.9,12,93,Comedy
The Roast of John Cleese,5,29,72,Comedy
El Duro,5.9,12,90,Comedy
Bremenskie muzykanty,4.6,662,115,Comedy
Swimming in a Sand Pool,5.7,43,86,Comedy
Fanzo Movie,7.9,10,104,Comedy
The Spirit Hunter,4.5,26,102,Comedy
Brain Tumor,3.8,49,76,Comedy
Otbrosy,3.8,32,88,Comedy
Im Haus der alten Augustin,8.8,12,108,Comedy
Jellyfish,9.5,13,109,Comedy
Bhooter Pallay Bhootnath,9.5,15,110,Comedy
Bu Tejo Sowan Jakarta,6.3,61,93,Comedy
Cinema Pichodu,9.5,91,133,Comedy
Gap Lai Chi Bau,5.6,42,114,Comedy
Tan-Ti-Ana,5.9,26,95,Comedy
Just a Minute,8.7,2000,88,Comedy
Neath's Love Story 2,7.4,22,88,Comedy
Bitva pap,4.5,24,79,Comedy
Parents for Christmas,4.5,45,76,Comedy
Hao Yun Lai,2.9,19,107,Comedy
Khuzhe vsekh,4.2,31,83,Comedy
Killcon,9.5,14,31,Comedy
My Cannibal Crush,6.3,12,50,Comedy
Avantyura,5.6,16,90,Comedy
Ahir Shah: Ends,6.2,71,61,Comedy
La estrella que perdí,7.3,14,99,Comedy
The Cliche,7.1,8,118,Comedy
The Kingfish 2,7.9,10,72,Comedy
Plant Man,7.2,2000,121,Comedy
Someone Dies!,7.3,12,86,Comedy
"One Day League: Dead Mother, Dead All",8.3,7,91,Comedy
A Very Bayou Holiday,4.6,10,87,Comedy
Edvin Törnblom - Bögen är lös (i magen),5.2,14,90,Comedy
Goalstar - The Movie,5.5,35,90,Comedy
Da Fan Pai,3.9,33,99,Comedy
Brahmachari,8.8,10,112,Comedy
Kak ya vstretil eyo mamu,4.3,41,89,Comedy
Nee Dhaarey Nee Katha,8.8,1100,122,Comedy
Malas Costumbres,9.2,14,90,Comedy
The Holy Man Comeback,4.3,13,100,Comedy
"Poymay sobaku, esli smozhesh",3.5,36,96,Comedy
Powerball,9.7,8,66,Comedy
Curry Mee,6.8,21,158,Comedy
The Max Gang,5.3,16,105,Comedy
Black & White,6,8,103,Comedy
Natvar Urfe NTR,9.3,9,143,Comedy
Making Kayfabe,9.8,14,44,Comedy
The Worst Love Story Ever,8.3,8,80,Comedy
Sin Toronja,8.6,14,69,Comedy
Happy Dragons,4.9,9,97,Comedy
Omar v bolshom kino,5.8,26,86,Comedy
A Christmas Reunion,4.9,11,64,Comedy
Gally Gang Stars,9,2000,157,Comedy
Person of the Year,5.8,11,100,Comedy
The Killing Performance,5.7,27,128,Comedy
Salam Gembira,8.7,14,111,Comedy
Laxmi Vilas Lottery,8.1,8,104,Comedy
The Filthy Frank Show Battle for the Omniverse,9.7,8,141,Comedy
Opasni shmatki,5.2,18,92,Comedy
"Sofa, So Good",6.3,15,69,Comedy
Insta Series,9.4,18,141,Comedy
Dao yan ni you bing,4.5,8,98,Comedy
Operatsiya «Kholodno»,4.5,49,85,Comedy
Welcome to Fatbelly's,7.8,7,97,Comedy
Nata Ratnalu,6.3,8,118,Comedy
Getaway,8.6,11,0,Comedy
Timor,8.5,31,88,Comedy
Worst of Woke Awards 2024,5.2,22,113,Comedy
Anna i Vano. Vanna i vino,8.2,6,93,Comedy
Pension Dalal,4.4,27,103,Comedy
2015: Future Uncertain,6.9,17,72,Comedy
Dak Dik Dos,8.8,9,113,Comedy
Covid Boys,7,5,80,Comedy
El verano mas largo del mundo,7.5,8,80,Comedy
"Chill, Brudi",1.2,21,135,Comedy
C'era una volta il Derby Club,7.4,16,90,Comedy
Kyle and the Last Emerald,5.6,17,20,Comedy
Uparwala & Sons,9.2,322,126,Comedy
Subway Shark,6.9,28,49,Comedy
Bubbly Bindaas,8.5,7,127,Comedy
Thiago Ventura - Modo Efetivo,6.1,13,98,Comedy
"¿Ahora Somos 3? Sí, Mi Amor",4.9,19,95,Comedy
GrimTrax,8.7,10,62,Comedy
iKHlaas,8.1,16,50,Comedy
Chicken Factory,3.3,23,123,Comedy
Langha Phobia,8.7,11,131,Comedy
Bizim Köylü,4.9,15,96,Comedy
Because I Said So: Akintunde Warnock,7.2,7,65,Comedy
Kyle and the Last Emerald 2,8.4,7,15,Comedy
Arjen Lubach: Strijder,7.3,12,90,Comedy
Selebryata,3.6,20,93,Comedy
I'm Professional,3.7,8,95,Comedy
Mahserin Üç Delisi,5.6,16,78,Comedy
Láska na zakázku,3,12,82,Comedy
Neath's Love Story 3,6.5,11,100,Comedy
Mietaa,6.5,11,74,Comedy
Mumble: Fate of A Lost Icon,9.5,22,63,Comedy
Extra Lucie,8.6,11,70,Comedy
Bie ba zuo wen dang hui shi er,7.2,10,89,Comedy
Story Time with Devon,9,9,55,Comedy
The Prep Room,7.7,6,84,Comedy
Liu mang qu mo shi,5.3,10,104,Comedy
Viejas Amigas,5.6,8,82,Comedy
Kan dao ling hun de na zhi yan shi gong,3.3,12,124,Comedy
Kitaura Kyoudai,5.6,10,94,Comedy
The Clashing Elements: Saviors of the Multiverse,6.6,7,91,Comedy
Iyus Jenius,9,7,82,Comedy
Adam Cayton-Holland: Wallpaper,7.1,16,49,Comedy
Zen Fist,7.2,8,45,Comedy
Almost Sober Presented by Fattman Deezy,9.5,23,60,Comedy
Leggende metropolitane,4.6,251,88,Comedy
Face Boy,7.9,14,76,Comedy
The Revenge of Wii Play 2: World War Wii,9.5,8,46,Comedy
Cageling,5.9,8,69,Comedy
You'll Be Hurt When I'm Done,8.5,7,0,Comedy
JunoToons: Captain Chisel's News,6.1,23,2,Comedy
Gyakorlat teszi a mestert,6.1,15,46,Comedy
Mike Recine: I'm Normal,6.9,11,50,Comedy
Is University Really Worth It?,5.2,12,60,Comedy
The Canal Map of Britain,6.8,10,59,Comedy
Waste Management,7,15,60,Comedy
Emilia Pérez,5.4,84000,132,Crime
Trap,5.8,130000,105,Crime
Longlegs,6.6,178000,101,Crime
Pushpa: The Rule - Part 2,6.1,54000,201,Crime
The Order,6.8,37000,116,Crime
Juror #2,7,91000,114,Crime
Despicable Me 4,6.2,62000,94,Crime
Riff Raff,6.3,811,103,Crime
MaXXXine,6.3,67000,103,Crime
The Beekeeper,6.3,153000,105,Crime
Carry-On,6.5,159000,119,Crime
Marco,6.9,20000,145,Crime
Rebel Ridge,6.8,86000,131,Crime
Wolfs,6.5,79000,108,Crime
The Crow,4.7,32000,111,Crime
The Seed of the Sacred Fig,7.6,12000,167,Crime
Bad Boys: Ride or Die,6.5,98000,115,Crime
Love Lies Bleeding,6.6,56000,104,Crime
Lucky Baskhar,8,30000,148,Crime
Monkey Man,6.8,90000,121,Crime
Freaky Tales,6.4,364,106,Crime
Greedy People,6.2,11000,112,Crime
Jönssonligan kommer tillbaka,6,1000,104,Crime
Absolution,5.2,7400,112,Crime
Sleeping Dogs,6.2,21000,110,Crime
The Instigators,6.2,37000,101,Crime
Lift,5.5,49000,107,Crime
Beverly Hills Cop: Axel F,6.4,80000,118,Crime
Hitpig,5.1,829,86,Crime
The Silent Hour,6.1,7000,99,Crime
Maharaja,8.4,65000,141,Crime
Beating Hearts,7,4000,166,Crime
Misericordia,6.9,1500,104,Crime
Brothers,5.4,13000,89,Crime
Killer Heat,5.6,13000,95,Crime
Long Gone Heroes,5.2,967,101,Crime
Force of Nature: The Dry 2,5.9,6700,120,Crime
The Shadow Strays,6.5,8900,144,Crime
Armor,3.5,3600,89,Crime
Trigger Warning,4.6,19000,106,Crime
Blackwater Lane,4.6,1800,108,Crime
Twilight of the Warriors: Walled In,7,8900,126,Crime
Boneyard,4.1,4800,96,Crime
The Thicket,5.8,2900,108,Crime
The Calendar Killer,5.4,3900,97,Crime
Santosh,7,1400,128,Crime
The Unholy Trinity,7.9,49,93,Crime
Inside,7,214,104,Crime
Mea Culpa,4.2,6900,120,Crime
Megamind vs. The Doom Syndicate,2.5,5500,83,Crime
Dead Sea,5.3,5200,88,Crime
Sector 36,7.1,25000,123,Crime
Damaged,4.7,7100,97,Crime
Colors of Evil: Red,6.4,8300,111,Crime
Trouble,6.2,6600,98,Crime
Faultline,6,71,92,Crime
"I, the Executioner",6.3,1600,118,Crime
Code 8: Part II,5.7,16000,100,Crime
Depravity,4.3,916,117,Crime
Bogota: City of the Lost,5.4,1800,108,Crime
City Hunter,6.3,5500,102,Crime
Drugstore June,5.3,1700,91,Crime
Maharaj,6.5,15000,131,Crime
Lake George,6.3,846,118,Crime
Duchess,4.6,1200,114,Crime
Harbin,6.5,485,108,Crime
Do Patti,6.4,68000,126,Crime
Detained,4.9,1500,97,Crime
Badland Hunters,5.9,12000,107,Crime
The Courier,6,4300,101,Crime
The Soul Eater,5.9,2400,108,Crime
Sikandar Ka Muqaddar,6,24000,142,Crime
Broken Rage,6.1,1200,62,Crime
The Roundup: Punishment,6.6,5000,109,Crime
Here Now,4.9,287,118,Crime
Marmalade,6.2,3500,99,Crime
Raayan,6.5,11000,145,Crime
What Jennifer Did,6.1,11000,87,Crime
First Shift,4.4,2000,89,Crime
El Jockey,6.5,1600,96,Crime
Lover Stalker Killer,7,13000,90,Crime
Barron's Cove,8,28,116,Crime
Ride,5.9,371,114,Crime
Golam,7.2,5500,120,Crime
Laws of Man,4.1,322,98,Crime
Officer Black Belt,6.8,7900,108,Crime
Strictly Confidential,2.8,831,94,Crime
The Quiet Ones,6.5,522,110,Crime
Darkness of Man,4.8,3100,109,Crime
Rats!,8,77,85,Crime
Justice,6.3,3800,113,Crime
Cult Killer,4.8,2700,105,Crime
In Her Place,6.2,1400,96,Crime
Bougainvillea,6.4,3000,138,Crime
A Place Called Silence,6.5,1200,119,Crime
Papa,7.5,291,131,Crime
The Trainer,7.2,52,95,Crime
Pani,6.9,2800,143,Crime
The Thundermans Return,5,1800,70,Crime
Cookster: The Darkest Days,8.3,35,119,Crime
Crescent City,3.9,1300,103,Crime
Boundless,5.6,1800,121,Crime
5lbs of Pressure,5.3,1600,111,Crime
Freedom,5.9,1300,110,Crime
Guns & Moses,8.2,38,94,Crime
Sicilian Letters,6.1,583,122,Crime
The Smile Man,7.6,1500,122,Crime
Ferry 2,5.6,3700,94,Crime
King Ivory,7.2,62,130,Crime
The Park Maniac,4.8,1500,103,Crime
Wanted Man,4.8,2500,85,Crime
To a Land Unknown,7.3,435,105,Crime
Hijack 1971,6.8,3200,100,Crime
Thalavan,7.2,4400,131,Crime
Shoutai,6.9,475,120,Crime
Bloodline Killer,3.8,4400,105,Crime
Bhakshak,7.2,7100,134,Crime
Saripodhaa Sanivaaram,7,8900,166,Crime
The Clean Up Crew,4.1,1100,95,Crime
The Sabarmati Report,6.4,24000,127,Crime
Viduthalai Part 2,8,15000,170,Crime
Revolver,5.4,819,114,Crime
Two to One,6,690,116,Crime
Savi,6.2,35000,126,Crime
Ulajh,6,24000,150,Crime
Operation Raavan,8.3,1200,147,Crime
Anweshippin Kandethum,7.4,10000,142,Crime
Biggest Heist Ever,6.1,1400,85,Crime
Dead Wrong,3.8,255,104,Crime
The Lockdown,4.3,595,117,Crime
Vettaiyan,7,39000,163,Crime
Nice Girls,4.2,1200,92,Crime
Roadkill,3.6,672,90,Crime
The Kingdom,7,624,108,Crime
GTMax,5,1200,100,Crime
Dead Mail,6.7,279,106,Crime
Strangers,4.3,375,106,Crime
Maldoror,7.1,533,155,Crime
Serpent's Path,5.8,272,112,Crime
Mission: Cross,6.1,2500,105,Crime
Belle,5.8,25,100,Crime
How to Rob a Bank,6.6,4100,88,Crime
Jailbreak: Love on the Run,6.4,3100,88,Crime
Toofan,7.1,6100,145,Crime
The Birds Who Fear Death,9.4,69,102,Crime
Kingsmen,6.3,46,72,Crime
Anand Sreebala,6.6,2300,134,Crime
Untamed Royals,4.6,622,99,Crime
High Forces,5.8,504,119,Crime
Last Known Location,6.3,1300,110,Crime
Bermondsey Tales: Fall of the Roman Empire,4.4,174,99,Crime
They Called Him Mostly Harmless,5.9,3200,89,Crime
The Seven Sorrows of Mary,6.7,22,98,Crime
In Youth We Trust,7.8,66,132,Crime
Phir Aayi Hasseen Dillruba,5.8,6700,132,Crime
Hellhound,4.3,489,103,Crime
A Gangster's Kiss,4.9,45,81,Crime
Auron Mein Kahan Dum Tha,6.6,40000,150,Crime
The Shameless,5.6,189,114,Crime
Borderless Fog,5.2,1300,110,Crime
The Girl Who Wore Yellow Lace,5.3,9,82,Crime
Scorched Earth,6.7,508,101,Crime
Dhakshina,6.5,5200,107,Crime
Abraham Ozler,6.5,4100,143,Crime
Visfot,5.7,1100,130,Crime
She's Got No Name,7,45,150,Crime
Fyre Rises,6.5,321,110,Crime
Mr. Bachchan,3.6,5200,150,Crime
Peg O' My Heart,5.8,49,97,Crime
Crisis Negotiators,6.7,691,120,Crime
The Truth vs. Alex Jones,7.5,3000,121,Crime
Diddy: Summit to Plummet,2.2,199,60,Crime
Rakshana,5.6,1100,139,Crime
Baby Assassins: Nice Days,7.3,268,103,Crime
Le Mohican,7,138,87,Crime
Bangkok Dog,6.3,95,85,Crime
Unspoken,8.2,47,120,Crime
Sorgavaasal,6.6,1300,138,Crime
The Actor,3.3,722,128,Crime
Tillu Square,6.6,3400,137,Crime
"MoviePass, MovieCrash",6.7,2800,96,Crime
Dirty Ice Cream,4.5,116,47,Crime
Zebra,8,3200,164,Crime
Jersey Bred,4.6,61,92,Crime
Untold: The Murder of Air McNair,5.6,2000,57,Crime
The Kingdom,7.9,85,133,Crime
Un homme en fuite,5.4,139,106,Crime
10 Days of a Curious Man,5.8,1200,110,Crime
Plastic Guns,6.3,589,95,Crime
Nahir,4.7,1100,122,Crime
Lady Scorpions,3.6,361,101,Crime
Ballistic,2.3,161,95,Crime
(Pri)sons,5.1,251,100,Crime
Nunakuzhi,6.8,2900,125,Crime
"Hemet, or the Landlady Don't Drink Tea",4.3,85,89,Crime
Nefarious,7,52,85,Crime
Killer Babes,3.5,282,94,Crime
Conquer: Lahad Datu,6.7,495,120,Crime
Siren,6.4,2900,154,Crime
ChiefsAholic: A Wolf in Chiefs Clothing,6.2,366,121,Crime
Krista,5.6,44,58,Crime
The Pee Pee Poo Poo Man,8.4,15,79,Crime
Sayara,5.7,266,98,Crime
Reloaded 2,8,1000,45,Crime
Abudeka Is Back,5.3,29,120,Crime
Havnaa,7.3,216,110,Crime
Kahar: Kapla High Council,7,442,102,Crime
Bangkok Breaking: Heaven and Hell,5.8,652,146,Crime
Estômago II: O Poderoso Chef,5.8,311,131,Crime
Castillo,8.1,33,128,Crime
Bozji gnjev,7.2,58,111,Crime
9 Windows,3.6,302,82,Crime
Silvio,3,494,114,Crime
Murder and Cocktails,4,357,88,Crime
The Waterboyz,7.9,83,89,Crime
Desperado,5.9,139,100,Crime
Andhagan,6.7,1200,142,Crime
No Cap,5.8,33,108,Crime
Shakhahaari,7.5,1300,145,Crime
Drive,5.7,312,90,Crime
The Mick and the Trick,5,75,96,Crime
Love You to Debt,6.2,747,135,Crime
Quotation Gang Part 1,8.8,20,118,Crime
Red,4.5,93,114,Crime
Plea,7.1,22,88,Crime
Sheriff,6.9,1100,133,Crime
Suspect,4.6,77,94,Crime
Kingdom Reign,8.8,33,119,Crime
Hovering Blade,6.1,232,107,Crime
"LSD 2: Love, Sex Aur Dhokha 2",3.8,2800,119,Crime
Loverboy: Emoties Uit,6.5,418,98,Crime
Troll Factory,5.8,461,109,Crime
Wieczór kawalerski,4.8,432,85,Crime
Miséria,5.3,99,99,Crime
Prepare to Die,4.6,228,93,Crime
Chris Brown: A History of Violence,5.4,306,82,Crime
The Infallibles,4.8,745,99,Crime
Priyo Maloti,6.7,147,119,Crime
Chameleon,6,30,133,Crime
The Texas Cheerleader Murder Plot,5,290,100,Crime
Bhaje Vaayu Vegam,6.1,544,136,Crime
Dandupalayam,5.9,1300,137,Crime
Samandar,7.6,136,172,Crime
Sentimentaaal,5.8,971,135,Crime
Ghost Killer,7.2,58,105,Crime
Vares X,3.7,111,85,Crime
Amish Affair,5.5,198,86,Crime
Silence 2: The Night Owl Bar Shootout,6.2,1900,142,Crime
Below the Rim,5,16,89,Crime
Filthy Animals,7.4,87,96,Crime
The Worst Man in London,5.7,145,127,Crime
Saindhav,5,1600,138,Crime
Passages of Nexus,6.3,184,108,Crime
Hunt the Wicked,5.3,106,102,Crime
Sattam En Kaiyil,8,2200,124,Crime
Vina: Before 7 Days,5.4,571,100,Crime
Where Is Gilgamesh?,9,603,90,Crime
Matka,4.7,572,156,Crime
Vrutos,8.1,7,100,Crime
RapeD,7,28,105,Crime
Hustlers Take All,5.5,80,106,Crime
Remedy,4.1,260,82,Crime
Rautu Ka Raaz,6.3,1900,114,Crime
Shivam Bhaje,7.9,3000,121,Crime
Chor Dil,7.4,37,135,Crime
Bastar: The Naxal Story,6.4,3300,124,Crime
Swing Bout,8.7,173,90,Crime
"Pooja, Sir",6.4,721,115,Crime
Citizen of a Kind,6.7,773,114,Crime
Texas Twister,2.5,157,88,Crime
Kiyma: Orman Kanunlari,4.3,34,81,Crime
The Final: Attack on Wembley,6.3,2400,82,Crime
Kaulayaw,4.5,126,95,Crime
Green Bones,7.7,179,96,Crime
Sons of Rizk 3,6.7,1600,125,Crime
Tòkunbò,3.9,289,113,Crime
Remember Us,6.2,38,96,Crime
Silver Star,6.9,15,102,Crime
Case of Kondana,5.8,571,143,Crime
The Shadow,6.5,242,90,Crime
Bars,5.8,23,135,Crime
The Desperate Chase,5.5,51,110,Crime
Wannabe,4.6,124,102,Crime
The Plot,4.8,361,100,Crime
Bodiless,5.7,984,90,Crime
Breaking the Silence: The Maria Soledad Case,6.4,509,95,Crime
Dead Man,5.1,204,109,Crime
Mathu Vadalara 2,7,1600,139,Crime
The Unwavering Brotherhood,5.3,75,94,Crime
Kiss of the Con Queen,8,25,117,Crime
Poslednji strelac,5.5,249,90,Crime
Dream Team,5.2,59,91,Crime
The Star City Murders,4.1,141,79,Crime
The Moon Thieves,6.2,223,108,Crime
Hit List,5.5,309,125,Crime
Reputation,9.2,6,83,Crime
Dirty Money,5.7,107,100,Crime
S.I.T,7.9,2300,110,Crime
They Turned Us Into Killers,2.8,249,86,Crime
Satyabhama,5.9,1500,132,Crime
Døde menn går på ski,5.5,188,89,Crime
The Murder of Sandra Rivett,6.3,141,90,Crime
Go for Broke,5.7,267,115,Crime
Rob N Roll,6.1,1500,98,Crime
State of Silence,6.5,108,80,Crime
Young Lion of the West,8.1,106,93,Crime
Gold Boy,6.5,124,129,Crime
Cry of Silence,6.4,66,116,Crime
Svemu dodje kraj,6.7,251,89,Crime
Kondal,5.4,761,147,Crime
Searching for Amani,8.1,24,80,Crime
The Shakedown,5,304,104,Crime
Suspicion,3.6,204,115,Crime
The Epidemic,5.8,69,95,Crime
Modal Nekad,7.7,85,107,Crime
Vivekam,8.2,308,104,Crime
Haunting Trophies,7.7,65,150,Crime
The Experts,6.2,259,121,Crime
Cursed in Baja,8.2,19,80,Crime
PT Sir,6.8,1700,130,Crime
Thirumbipaar,5.9,239,101,Crime
The Donor,9,9,23,Crime
Danger in the Dorm,5.1,149,86,Crime
Formed Police Unit,4.6,472,120,Crime
Nico,8.3,43,109,Crime
Octopus with Broken Arms,6.2,151,109,Crime
Io e te dobbiamo parlare,4.2,137,95,Crime
Best Man Dead Man,7.8,7,83,Crime
Tiger Wolf Rabbit,6.2,462,126,Crime
Common Sense,2.5,19,68,Crime
Martingale,5.4,105,103,Crime
Yalakunni,8.9,166,135,Crime
Vojna policajtov,6.5,336,150,Crime
Nastupit leto,7.9,17,94,Crime
Una ballena,6,47,108,Crime
Pathological: The Lies of Joran van der Sloot,6.5,343,93,Crime
La mort viendra,5.9,40,101,Crime
Piano Love,5.2,13,96,Crime
Killerwood,6.8,21,84,Crime
Chithini,6,551,151,Crime
Diari de la meva sextorsió,6.5,48,64,Crime
Bury Him,7.3,12,88,Crime
Routa,6.5,30,127,Crime
Kaliyugam Pattanamlo,6.7,2200,150,Crime
Gam Gam Ganesha,5.3,307,140,Crime
Holiday Hold-Up,5.6,64,89,Crime
Brattt,4.7,66,117,Crime
Nasha Jurm Aur Gangsters,7,2400,137,Crime
What Happens in Miami,4.3,218,90,Crime
Shu Si Yi Bo,6.6,32,91,Crime
Bheema,5.8,947,148,Crime
Hain,2.9,45,95,Crime
Protein,6.6,59,100,Crime
GATAO: Like Father Like Son,6.8,65,100,Crime
CHAAW: Chapter 3 - Christmas Time Is Here,7.9,474,72,Crime
Thankamani,4.6,229,156,Crime
Tschugger - Der Lätscht Fall,8.1,162,147,Crime
RTI,5.9,26,130,Crime
Harom Hara,7.7,3000,154,Crime
Gangs of Godavari,5,899,165,Crime
Nirangal Moondru,6.1,525,122,Crime
Pepe,4.9,488,126,Crime
Yevam,6.1,1500,123,Crime
Blue Christmas,5.8,20,79,Crime
Scopophobia,6,42,100,Crime
Gumasthan,5.8,497,145,Crime
Passagrana,6.5,124,100,Crime
Secret Home,8.3,148,117,Crime
Welcome to the Game,5.8,61,90,Crime
Pattaya Heat,5.6,220,117,Crime
Uninvited,6.7,70,93,Crime
The Heist,6.9,2000,120,Crime
Nietzsche's Umbrella,8.7,21,86,Crime
Unknown Caller,6.2,21,63,Crime
Money No Enough 3,6,261,138,Crime
Oru Nodi,6.7,502,128,Crime
Chacaleria,8.1,417,116,Crime
Rebel,3.2,64,100,Crime
The Good Loan Sharks,5,75,122,Crime
Anyone Else But Me,7,152,95,Crime
Blackia 2,5.9,125,132,Crime
Kunstroof,7,43,102,Crime
Midas,4.6,332,85,Crime
The Legend of the Vagabond Queen of Lagos,8,26,100,Crime
Murder in a Teacup,6.3,147,93,Crime
Vergüenza,7,19,103,Crime
One Last Time,7,15,82,Crime
Beneath the Fold,8,23,80,Crime
Porch Pirates,5,100,107,Crime
Second Life,6.9,41,105,Crime
Kokuhaku Confession,5.6,145,74,Crime
Taxali Gate,6.6,118,95,Crime
Historias invisibles,6.4,27,110,Crime
Scapegoat,7,22,85,Crime
Die Bloedhonde,6.3,10,97,Crime
Kurukku,6.6,529,109,Crime
Jog 101,6.5,496,107,Crime
Con Queens,5.8,18,80,Crime
Muroi Shinji: Yaburezaru Mono,7.7,7,115,Crime
Landkrimi: Steirergift,6.4,63,90,Crime
Prasanna Vadanam,6.6,530,146,Crime
The Bodyguard,6.6,27,87,Crime
Kala Ratri,6.8,15,122,Crime
Housekeeping,6,41,98,Crime
Lipstick on the Glass,4.6,12,116,Crime
Above the Trees,8.2,11,125,Crime
Marine Drive,9.5,49,105,Crime
Illusions for Sale: The Rise and Fall of Generation Zoe,6.2,635,107,Crime
Bigul,9.3,46,144,Crime
Accident or Conspiracy: Godhra,7.4,777,133,Crime
Telekinesis,5.9,59,106,Crime
Charlotte Link - Ohne Schuld,5.5,41,89,Crime
Liebling Kreuzberg 2.0,5.1,49,89,Crime
Game Over,5.6,18,74,Crime
Three Old Boys,4.8,97,108,Crime
Aaro,4.5,13,120,Crime
Little Jaffna,7,38,100,Crime
Dickweed,7.1,35,90,Crime
Meitantei Conan Bâsasu Kaitô Kiddo,6.2,152,81,Crime
Dengeler,5.8,72,123,Crime
Cafe 404,7.1,31,93,Crime
Dark Deceptions,6.2,36,82,Crime
Road to Terzetto,7.3,27,96,Crime
"Fallen Leaves, Broken Lighters",7.8,6,96,Crime
The Bottom Line,7,10,107,Crime
Blood and Black,8.2,1100,88,Crime
7vens Law,9.4,20,68,Crime
Maloney - Die ersten drei haarsträubenden Fälle,6.7,76,98,Crime
Whatever It Takes,8.3,14,93,Crime
Valleyheart,8.8,37,98,Crime
Blood Dried Hands,5.2,33,115,Crime
Vallavan Vaguthadhada,6.5,56,104,Crime
Los Justos,6.4,72,79,Crime
Gossip to Die For,5.3,81,94,Crime
Raja Rani,9.3,100,134,Crime
G - 21 scener från Gottsunda,7,180,80,Crime
Chitram Choodara,4.5,14,127,Crime
Gull Lake Vice II: The Delusion Continues,8.2,16,58,Crime
Rhino Man,8.8,41,96,Crime
Dark World,4.5,14,135,Crime
Walk the Line,5.5,92,115,Crime
Supplier Shankara,9.3,70,163,Crime
Don't Love,7.9,1500,177,Crime
Villain - Life of a Gangster,8.9,156,141,Crime
Myall Creek Day of Justice,6.4,17,78,Crime
The Victims,5.9,81,99,Crime
Shadows of Betrayal: Chronicles of Ian Blair,7.3,12,65,Crime
Untouchable,4.6,86,112,Crime
Thozhar Che Guevara,5.1,37,120,Crime
Common Creed: Trafficking,6.7,8,106,Crime
Break War,2.4,14,86,Crime
Dream Lock,8.6,21,100,Crime
Nelma Kodama: The Queen of Dirty Money,5.5,184,94,Crime
The Stix,7,30,123,Crime
"Bullets, Brothers and Blood",7.8,13,85,Crime
Maven,9.5,37,135,Crime
Muzhskoe slovo,6.4,459,94,Crime
Insurance Jimmy,6.9,146,110,Crime
DNA,5.2,209,156,Crime
Koresha,2.9,61,86,Crime
Hocus Focus,7.9,19,85,Crime
Pungut,6.7,11,100,Crime
Lorry Chapter-1,5.7,2400,183,Crime
Real Estate Sisters,4.8,17,84,Crime
Salvajes,5.7,57,90,Crime
Theppa Samudram,7.4,1600,133,Crime
Lesní vrah,4.2,78,78,Crime
Mirza: Part 1 - Joker,6.8,236,165,Crime
My Home Hero the Movie,6.4,5,117,Crime
Tiempo de Pagar,7.5,47,63,Crime
Opportunity,9.1,89,96,Crime
The London Underground Killer,4.7,91,91,Crime
Lipstick,6.3,27,145,Crime
Rancor,7.2,33,83,Crime
Niyathi,6.8,174,113,Crime
La Tamalera,8.2,9,115,Crime
Who Do You Trust?,3.8,39,96,Crime
Siragan,7,152,130,Crime
Dead Name,9,11,84,Crime
Paarijathaparvam,7.5,2300,133,Crime
Laandhar,4.1,96,117,Crime
Raktaksha,8.5,1400,118,Crime
Abnormal: Buas,5.6,27,90,Crime
Aranam,7.5,406,127,Crime
Crime Reel,7.5,141,111,Crime
Ugravatara,7.9,551,122,Crime
4N6,9.7,61,117,Crime
Yathabhava,8.3,28,127,Crime
The Burned Hand,8,12,85,Crime
Bayamariya Brammai,8.8,25,88,Crime
Jalandhara,9.2,545,110,Crime
Jimmy's Friends,7,10,94,Crime
Atlanta 10.02,5.5,14,45,Crime
A Frozen Rage,5.2,45,115,Crime
Angry Squad: Civil Servants & Seven Swindlers,6.4,8,120,Crime
Jama,6.3,16,71,Crime
The Deal,8.8,25,130,Crime
What Lies Within,5.3,13,90,Crime
ONENESS,8.9,12,115,Crime
Thirsty for Likes,4,37,46,Crime
The Real Story of January 6: Part 2 - The Long Road Home,6.2,28,90,Crime
Shina,7.5,7,98,Crime
Pink Butterfly,5.8,54,109,Crime
Kaçkin,8,7,104,Crime
Who Killed Angel Adams?,6.2,22,76,Crime
5D,8.8,577,129,Crime
Shades of Sapphire,7.8,9,77,Crime
Kenda,8.9,20,135,Crime
Novyy god v Beryozovke,7.1,97,94,Crime
Dai jia fa de ren,5.5,55,121,Crime
The Kills,8.8,8,70,Crime
Oppa,8.5,46,84,Crime
Abduction Chronicles,8.6,35,126,Crime
SMB-plush presents trick or death,8.8,15,120,Crime
The Dealer,8.2,11,120,Crime
El Junior Del Patron,8.2,5,92,Crime
Agontuk,5.5,19,125,Crime
Give Me a Ride,5,16,102,Crime
The AI Dharma Story,3.2,1100,89,Crime
Dheera Samrat,9.8,99,123,Crime
Beauty Grace Malice,7.7,43,81,Crime
AK47,7.2,13,146,Crime
A Place Under the Sun,9.2,34,110,Crime
Rangeli,9.4,93,140,Crime
Ingu Mirugangal Vaazhum Idam,6.2,14,108,Crime
Sharma & Ambani,9.1,183,104,Crime
Pinnil Oral,6,113,127,Crime
Mukhya Gamanika,8.7,2100,125,Crime
Jaspal,7.3,27,106,Crime
All Suspects,3.6,18,96,Crime
Sangharshana,8.2,1600,102,Crime
Grey Games,7.5,1100,121,Crime
Guxim,7.7,34,75,Crime
The Housewife and the Hustler 2: The Reckoning,6.5,44,94,Crime
Mudo Kannu,7.2,2100,100,Crime
Malam Pertobatan,6.4,9,81,Crime
Spending Some Time Together,6.9,28,146,Crime
Bond of Justice: Kizuna Part I - Encounter,6.1,17,92,Crime
Slapes,6.8,31,82,Crime
Downfall of the Crypto King (theatrical feature),6,26,90,Crime
Der Wien-Krimi: Blind ermittelt - Tod im Palais,6.7,29,88,Crime
Lealtad o Morir,8.2,9,87,Crime
Blitz,7.2,8,6,Crime
Vengeful,6.1,18,100,Crime
Dawgz Life,7.8,10,143,Crime
Conviction,7,34,97,Crime
Killcon,9.5,14,31,Crime
Namak,4.5,13,75,Crime
Uno Sir,6.4,42,106,Crime
Leha,2.3,42,98,Crime
Mun Kaupunki,6.6,22,105,Crime
Yaa Devi Sarva Bhuteshu,8.7,8,119,Crime
Randa Ramphal,8.5,8,70,Crime
Gally Gang Stars,9,2000,157,Crime
Duelo De Capos,8.2,9,83,Crime
Runnin' from Wolves,7.2,10,133,Crime
Los Hijos De Camelia y Emilio,8.2,9,82,Crime
Full Clip for a Snitch,3.9,18,75,Crime
Yurka,4.1,27,85,Crime
No Loose Ends,6.7,9,68,Crime
Water Mafia,9.2,11,45,Crime
Po du xing dong,6.8,5,79,Crime
A Valentine's Day,8.4,9,126,Crime
Detroit Ransom,6.4,10,76,Crime
Ata Nirjon Duporiya,8,10,103,Crime
So It Goes,3.3,19,77,Crime
Netru Indha Neram,5.7,136,140,Crime
El Juego Del Poder,8,9,95,Crime
Mina and the Radio Bandits,7.3,44,110,Crime
Little Black Submarines,6.9,57,123,Crime
El Cartel De Teresa,8,9,96,Crime
Las Hermanas Del Cartel,8.2,5,91,Crime
Nacida Para Vengar,8,9,102,Crime
Beautifully Broken People,8.7,8,75,Crime
Cageling,5.9,8,69,Crime
"Milk, Rice, and the Blood",9.2,18,45,Crime
